SL NO,year,kx,Temp
1,2017,31.1185,27.12
1,2017,30.8286,27.336
1,2017,30.3378,28.154
1,2017,29.4155,28.665
1,2017,29.1981,29.39
1,2017,31.2815,31.869
1,2017,31.3359,33.776
1,2017,34.1309,34.363
1,2017,35.8487,35.239
1,2017,31.8069,34.996
1,2017,35.2163,31.162
1,2017,34.7452,31.817
1,2017,35.8042,31.567
1,2017,36.0925,31.235
1,2017,36.435,29.813
1,2017,35.8125,28.345
1,2017,35.6412,28.196
1,2017,36.1633,27.557
1,2017,35.8998,27.701
1,2017,33.1624,27.771
1,2017,33.0356,27.115
1,2017,32.6288,27.062
1,2017,32.558,26.792
1,2017,32.3093,26.78
2,2017,31.7328,27.997
2,2017,30.794,27.981
2,2017,29.7235,29.085
2,2017,29.3941,29.412
2,2017,29.7614,29.847
2,2017,30.4333,31.778
2,2017,30.766,33.695
2,2017,33.6763,33.939
2,2017,31.0296,35.1
2,2017,34.8127,32.929
2,2017,34.2923,30.657
2,2017,35.8306,31.682
2,2017,37.0955,31.529
2,2017,38.0705,31.545
2,2017,38.3571,29.903
2,2017,38.4131,28.369
2,2017,37.751,28.292
2,2017,36.7315,27.796
2,2017,35.5407,27.778
2,2017,34.452,27.799
2,2017,34.1276,27.468
2,2017,33.8608,27.593
2,2017,33.5956,26.822
2,2017,33.1871,26.702
3,2017,32.413,27.191
3,2017,31.6702,27.27
3,2017,31.5467,28.492
3,2017,31.8695,29.069
3,2017,32.0573,29.692
3,2017,31.7509,32.427
3,2017,31.1827,34.193
3,2017,30.9357,34.842
3,2017,31.7575,35.356
3,2017,31.3326,33.829
3,2017,34.1753,31.695
3,2017,34.6777,31.805
3,2017,34.7353,31.698
3,2017,35.9212,31.517
3,2017,37.303,30.186
3,2017,38.4082,27.997
3,2017,38.4757,27.854
3,2017,36.6541,27.539
3,2017,35.2722,27.891
3,2017,32.1742,27.915
3,2017,30.9785,27.114
3,2017,30.2143,27.301
3,2017,29.0004,26.972
3,2017,28.2741,26.926
4,2017,28.3795,27.55
4,2017,29.2541,27.837
4,2017,28.1769,28.517
4,2017,25.9304,29.451
4,2017,26.4245,30.244
4,2017,25.9436,32.324
4,2017,26.3405,33.913
4,2017,29.2343,34.58
4,2017,30.2126,35.752
4,2017,30.4992,35.648
4,2017,30.2818,33.736
4,2017,30.4103,33.573
4,2017,31.1943,31.961
4,2017,33.0158,30.8
4,2017,33.7932,29.278
4,2017,34.429,28.331
4,2017,32.9846,28.1
4,2017,31.7592,28.084
4,2017,30.6277,28.072
4,2017,31.303,28.033
4,2017,29.959,27.398
4,2017,28.5557,27.212
4,2017,27.1937,26.158
4,2017,27.1657,26.334
5,2017,27.8673,26.709
5,2017,26.2845,25.98
5,2017,22.0797,28.028
5,2017,18.9619,28.598
5,2017,17.1304,29.782
5,2017,16.0006,33.746
5,2017,19.7047,36.026
5,2017,21.9562,36.316
5,2017,23.1486,38.083
5,2017,23.8058,38.624
5,2017,24.6853,36.574
5,2017,25.069,36.82
5,2017,24.8747,36.765
5,2017,24.2933,36.001
5,2017,24.2439,32.453
5,2017,24.8549,30.07
5,2017,24.8351,29.056
5,2017,23.6345,27.347
5,2017,22.6183,27.378
5,2017,21.668,27.353
5,2017,21.584,25.737
5,2017,20.8099,25.679
5,2017,19.7195,24.399
5,2017,19.1612,24.279
6,2017,24.0693,27.394
6,2017,24.0709,27.249
6,2017,24.0298,28.686
6,2017,24.7067,29.17
6,2017,24.9784,29.513
6,2017,25.8299,32
6,2017,28.0896,33.648
6,2017,31.5632,34.024
6,2017,34.0831,34.914
6,2017,35.3694,34.719
6,2017,33.7257,32.447
6,2017,32.4674,32.438
6,2017,32.1989,32.286
6,2017,32.0803,31.78
6,2017,32.0721,30.567
6,2017,32.2632,28.689
6,2017,31.8185,28.499
6,2017,30.967,27.688
6,2017,30.3543,27.635
6,2017,29.2887,27.416
6,2017,28.8061,26.503
6,2017,28.5442,26.516
6,2017,28.508,26.237
6,2017,28.5821,26.541
7,2017,28.5442,27.388
7,2017,28.3136,27.275
7,2017,27.8953,27.734
7,2017,27.5478,27.742
7,2017,27.9134,27.976
7,2017,28.1868,30.468
7,2017,30.7413,32.042
7,2017,34.648,32.481
7,2017,35.0203,34.312
7,2017,35.3315,34.869
7,2017,35.2261,31.871
7,2017,35.1141,31.373
7,2017,34.8852,31.247
7,2017,34.5624,30.945
7,2017,34.5756,29.504
7,2017,34.7699,27.536
7,2017,34.8292,27.397
7,2017,34.8967,26.482
7,2017,34.5278,26.119
7,2017,34.3219,26.391
7,2017,34.0732,25.915
7,2017,33.23,25.61
7,2017,32.5992,25.054
7,2017,32.3933,25.006
8,2017,32.0803,26.016
8,2017,31.7839,25.898
8,2017,32.0523,27.505
8,2017,32.9269,27.974
8,2017,33.5808,28.586
8,2017,33.5709,32.045
8,2017,32.8544,34.34
8,2017,34.6563,34.633
8,2017,31.8811,35.212
8,2017,32.3257,35.178
8,2017,32.5003,34.466
8,2017,33.085,33.326
8,2017,33.5758,32.516
8,2017,33.0982,32.13
8,2017,33.5511,31.125
8,2017,33.4342,29.051
8,2017,32.2302,28.727
8,2017,31.499,27.582
8,2017,31.7279,27.163
8,2017,33.2036,27.173
8,2017,32.9796,26.694
8,2017,32.3554,26.682
8,2017,31.7164,26.061
8,2017,31.2832,26.091
9,2017,24.6095,26.909
9,2017,24.2307,26.684
9,2017,23.9935,28.304
9,2017,24.4432,28.949
9,2017,25.349,29.632
9,2017,26.1429,32.428
9,2017,27.4704,35.07
9,2017,31.5928,35.226
9,2017,32.2599,36.25
9,2017,35.9409,36.533
9,2017,34.2099,32.711
9,2017,33.3304,31.884
9,2017,30.6442,31.108
9,2017,28.1901,31.524
9,2017,27.5231,30.586
9,2017,26.52,28.872
9,2017,24.8335,28.315
9,2017,23.3644,27.487
9,2017,22.2988,27.186
9,2017,26.3306,27.052
9,2017,26.6419,26.818
9,2017,26.9927,27.091
9,2017,27.1772,26.512
9,2017,28.4141,26.781
10,2017,29.8799,27.385
10,2017,30.5387,27.479
10,2017,31.13,28.644
10,2017,32.1199,28.877
10,2017,33.2991,28.971
10,2017,33.5972,31.562
10,2017,33.5116,33.528
10,2017,33.5923,34.196
10,2017,34.9873,35.48
10,2017,35.9492,36.208
10,2017,36.7727,35.271
10,2017,35.045,35.134
10,2017,35.241,33.518
10,2017,31.774,33.359
10,2017,28.0188,31.647
10,2017,25.7443,29.532
10,2017,24.0396,29.189
10,2017,22.6858,28.168
10,2017,21.1804,28.163
10,2017,22.9724,27.96
10,2017,20.4343,27.161
10,2017,17.3149,27.133
10,2017,15.2216,26.434
10,2017,15.1853,27.105
11,2017,29.5719,30.47
11,2017,28.4783,30.284
11,2017,27.2628,31.864
11,2017,25.9106,32.295
11,2017,25.0262,32.997
11,2017,25.1893,36.055
11,2017,26.0688,38.005
11,2017,37.2865,38.605
11,2017,36.5932,39.62
11,2017,36.8649,40.023
11,2017,36.8484,38.21
11,2017,36.4301,38.026
11,2017,36.048,37.546
11,2017,36.8171,36.696
11,2017,36.603,34.482
11,2017,34.9478,32.503
11,2017,31.9963,31.853
11,2017,32.3801,30.188
11,2017,34.284,30.002
11,2017,37.3607,29.73
11,2017,37.4661,29.114
11,2017,37.3903,29.15
11,2017,36.9621,28.576
11,2017,36.2341,28.585
12,2017,32.7737,30.059
12,2017,32.5152,29.922
12,2017,32.413,31.028
12,2017,32.5069,31.45
12,2017,32.5926,32.125
12,2017,32.6008,35.617
12,2017,34.7534,36.897
12,2017,35.852,37.464
12,2017,35.5901,39.002
12,2017,35.3002,39.976
12,2017,35.1586,37.842
12,2017,34.7254,37.74
12,2017,34.396,36.046
12,2017,35.2673,35.118
12,2017,37.5632,33.521
12,2017,37.7477,31.909
12,2017,37.1416,31.483
12,2017,38.003,30.733
12,2017,39.0834,30.426
12,2017,39.23,30.351
12,2017,38.7952,29.373
12,2017,37.7559,29.273
12,2017,36.496,28.584
12,2017,35.9607,28.722
13,2017,35.4748,29.729
13,2017,34.872,29.783
13,2017,34.5097,31.065
13,2017,34.1259,31.476
13,2017,33.8888,32.341
13,2017,33.9892,34.471
13,2017,36.603,35.857
13,2017,39.981,36.076
13,2017,39.8345,37.372
13,2017,37.6736,35.701
13,2017,35.0186,33.543
13,2017,34.1358,33.048
13,2017,35.6132,33.26
13,2017,35.432,32.803
13,2017,33.6664,31.143
13,2017,34.6563,30.819
13,2017,33.8443,30.182
13,2017,32.1825,29.021
13,2017,31.6867,28.77
13,2017,37.1498,28.702
13,2017,37.8333,28.317
13,2017,37.5764,28.35
13,2017,36.4581,28.014
13,2017,35.6791,28.085
14,2017,28.2263,29.152
14,2017,27.7504,29.281
14,2017,27.4028,31.106
14,2017,27.0438,31.262
14,2017,26.6831,31.857
14,2017,26.3471,34.64
14,2017,27.477,36.51
14,2017,30.3427,37.192
14,2017,30.9785,38.101
14,2017,31.3425,38.246
14,2017,30.4531,36.638
14,2017,25.6669,35.69
14,2017,22.9641,34.591
14,2017,21.7437,33.916
14,2017,21.8294,32.265
14,2017,22.3449,30.218
14,2017,22.4025,30.212
14,2017,22.279,29.175
14,2017,22.1933,28.931
14,2017,22.3333,28.901
14,2017,22.582,28.153
14,2017,22.7962,28.02
14,2017,23.1107,27.618
14,2017,23.7415,27.926
15,2017,31.0971,29.282
15,2017,29.8223,29.224
15,2017,31.3194,30.607
15,2017,33.3864,31.162
15,2017,33.3947,31.574
15,2017,32.8067,33.627
15,2017,34.1539,35.042
15,2017,35.8915,35.482
15,2017,37.9569,35.618
15,2017,38.8018,36.204
15,2017,39.039,34.219
15,2017,38.6931,34.197
15,2017,37.7839,34.339
15,2017,35.8042,33.681
15,2017,33.3765,31.792
15,2017,33.3881,29.778
15,2017,35.3233,29.305
15,2017,37.3491,28.746
15,2017,38.11,28.927
15,2017,34.4356,28.928
15,2017,35.0878,28.309
15,2017,34.7781,28.406
15,2017,33.2481,27.478
15,2017,31.2667,27.419
16,2017,29.6197,28.674
16,2017,28.4833,28.766
16,2017,28.0583,30.781
16,2017,27.6812,31.219
16,2017,27.4522,31.926
16,2017,27.948,34.879
16,2017,31.3721,36.92
16,2017,30.4646,37.62
16,2017,32.8396,38.972
16,2017,34.1358,39.2
16,2017,32.95,38.812
16,2017,33.8245,38.56
16,2017,29.4534,38.123
16,2017,28.9889,37.814
16,2017,28.1226,35.089
16,2017,27.5264,31.962
16,2017,28.9461,31.47
16,2017,31.0724,30.281
16,2017,32.9203,30.183
16,2017,36.0496,29.835
16,2017,37.1713,29.136
16,2017,38.0013,29.103
16,2017,38.1035,28.543
16,2017,38.1479,28.628
17,2017,38.3653,29.877
17,2017,38.4773,29.769
17,2017,38.8166,31.673
17,2017,38.9451,32.165
17,2017,38.6667,32.812
17,2017,37.4496,35.598
17,2017,38.4114,37.653
17,2017,40.3319,37.851
17,2017,38.7573,39.503
17,2017,38.4806,39.891
17,2017,35.1405,35.599
17,2017,32.9533,35.888
17,2017,32.3257,35.335
17,2017,35.5901,35.5
17,2017,33.2267,34.033
17,2017,31.5187,31.737
17,2017,33.3123,31.213
17,2017,35.8289,30.371
17,2017,37.5451,30.238
17,2017,37.4282,29.447
17,2017,36.3576,27.505
17,2017,35.2607,27.525
17,2017,35.0285,26.553
17,2017,34.6431,26.738
18,2017,20.0605,30.05
18,2017,19.5911,30.049
18,2017,19.1266,31.457
18,2017,18.5683,31.758
18,2017,18.1829,32.449
18,2017,18.5205,34.873
18,2017,24.4942,36.246
18,2017,24.6968,36.86
18,2017,24.4926,38.119
18,2017,24.0281,38.299
18,2017,24.1105,37.025
18,2017,23.4467,36.566
18,2017,19.7475,35.573
18,2017,19.3852,34.681
18,2017,20.543,32.887
18,2017,21.7289,30.681
18,2017,22.0929,30.482
18,2017,21.3682,29.816
18,2017,20.5892,29.844
18,2017,22.1242,29.884
18,2017,22.0171,29.07
18,2017,22.3136,29.012
18,2017,22.7336,28.096
18,2017,22.8554,28.384
19,2017,32.3554,29.832
19,2017,32.5975,29.824
19,2017,32.5333,31.527
19,2017,32.1528,32.11
19,2017,31.6472,32.796
19,2017,31.746,36.731
19,2017,33.6895,38.999
19,2017,33.4424,39.565
19,2017,34.4422,40.641
19,2017,35.6329,40.825
19,2017,36.1699,39.877
19,2017,35.5374,40.512
19,2017,35.2838,39.749
19,2017,35.3562,38.594
19,2017,36.5157,35.703
19,2017,37.2767,33.539
19,2017,37.8086,32.937
19,2017,38.1644,30.965
19,2017,38.4197,30.709
19,2017,38.3209,30.391
19,2017,37.6522,29.822
19,2017,35.9376,29.889
19,2017,34.2725,29.277
19,2017,34.1704,29.332
20,2017,40.1013,35.234
20,2017,39.5248,34.921
20,2017,38.9072,36.36
20,2017,38.9698,36.792
20,2017,39.4639,37.321
20,2017,40.037,40.708
20,2017,40.77,42.381
20,2017,39.8872,42.456
20,2017,40.6596,44.906
20,2017,40.4949,44.917
20,2017,40.009,43.93
20,2017,38.9105,44.378
20,2017,37.9783,44.418
20,2017,37.2174,43.498
20,2017,35.8503,39.388
20,2017,35.5539,37.489
20,2017,35.8536,37.065
20,2017,36.4449,35.782
20,2017,36.7826,36.003
20,2017,35.9063,36.194
20,2017,35.8421,34.9
20,2017,35.8059,34.692
20,2017,35.9294,33.764
20,2017,35.8503,33.644
21,2017,35.9426,35.188
21,2017,36.379,35.193
21,2017,36.496,36.332
21,2017,36.1336,37.078
21,2017,35.8224,37.375
21,2017,35.3151,39.866
21,2017,37.6917,41.407
21,2017,38.8792,41.876
21,2017,39.5446,43.562
21,2017,38.8397,43.342
21,2017,38.1133,42.773
21,2017,37.7032,42.82
21,2017,35.152,43.076
21,2017,35.1866,42.386
21,2017,34.5574,38.583
21,2017,34.8127,36.898
21,2017,35.2821,36.026
21,2017,35.7351,35.377
21,2017,36.3,34.921
21,2017,36.8978,34.533
21,2017,36.6821,32.838
21,2017,36.3313,32.371
21,2017,36.1419,31.919
21,2017,35.6494,31.418
22,2017,34.9148,32.543
22,2017,34.5591,32.866
22,2017,34.34,35.791
22,2017,33.953,36.861
22,2017,33.5001,37.634
22,2017,33.2695,40.654
22,2017,34.6316,42.682
22,2017,35.7515,43.084
22,2017,36.5684,43.976
22,2017,38.1117,44.04
22,2017,39.2959,41.872
22,2017,39.454,42.07
22,2017,40.0766,40.671
22,2017,38.7343,40.155
22,2017,35.7614,38.309
22,2017,34.7139,35.274
22,2017,34.2873,34.026
22,2017,34.3895,32.886
22,2017,34.9165,32.562
22,2017,35.7894,32.565
22,2017,36.4005,32.273
22,2017,36.7463,32.328
22,2017,36.1188,31.093
22,2017,35.236,30.638
23,2017,37.2849,31.906
23,2017,36.9604,31.64
23,2017,35.9722,33.675
23,2017,34.9939,34.674
23,2017,34.4405,35.576
23,2017,33.5017,39.392
23,2017,34.8687,40.762
23,2017,36.8501,41.165
23,2017,37.5319,41.477
23,2017,37.9453,42.025
23,2017,37.639,39.582
23,2017,36.9011,39.074
23,2017,38.5267,39.312
23,2017,38.8281,38.127
23,2017,36.7447,36.153
23,2017,36.1501,34.499
23,2017,35.1668,34.127
23,2017,34.6233,33.326
23,2017,34.1984,32.925
23,2017,34.8934,32.425
23,2017,35.2245,31.3
23,2017,34.7732,31.307
23,2017,34.8868,30.677
23,2017,35.2624,30.855
24,2017,35.0137,32.492
24,2017,34.648,32.495
24,2017,34.4092,34.337
24,2017,34.1589,34.816
24,2017,33.7735,35.247
24,2017,33.3189,37.4
24,2017,35.3678,39.439
24,2017,34.0123,39.896
24,2017,34.7386,41.254
24,2017,35.4188,41.559
24,2017,35.3744,38.601
24,2017,35.5292,38.866
24,2017,34.9923,39.002
24,2017,34.8127,39.05
24,2017,34.2577,36.73
24,2017,33.841,34.433
24,2017,33.8641,33.539
24,2017,33.8723,32.296
24,2017,34.7814,32.154
24,2017,35.2887,31.746
24,2017,35.1158,31.29
24,2017,35.0812,31.528
24,2017,35.1141,31.035
24,2017,35.3266,31.087
25,2017,40.938,31.809
25,2017,41.5358,31.82
25,2017,40.9643,33.35
25,2017,40.0799,33.836
25,2017,39.342,34.273
25,2017,38.8528,36.774
25,2017,40.2561,38.909
25,2017,41.4288,39.599
25,2017,43.2026,40.503
25,2017,41.4996,39.95
25,2017,41.7417,37.896
25,2017,41.5638,38.632
25,2017,40.9429,39.029
25,2017,40.8111,38.64
25,2017,41.3958,36.523
25,2017,41.2492,33.846
25,2017,41.6643,32.835
25,2017,42.0711,30.611
25,2017,42.1666,30.048
25,2017,43.1301,29.752
25,2017,43.6226,28.158
25,2017,44.4296,28.434
25,2017,44.3522,28.645
25,2017,43.4826,28.811
26,2017,41.9855,29.888
26,2017,40.4817,29.963
26,2017,39.23,31.594
26,2017,37.1301,32.136
26,2017,35.7532,32.636
26,2017,37.6209,35.797
26,2017,40.2248,37.304
26,2017,42.6492,37.681
26,2017,43.1235,39.311
26,2017,42.7793,38.826
26,2017,41.773,36.964
26,2017,41.0187,35.444
26,2017,40.1128,36.001
26,2017,39.6204,35.804
26,2017,39.3107,34.606
26,2017,39.7867,33.501
26,2017,40.1968,32.914
26,2017,39.9778,31.663
26,2017,40.1886,31.212
26,2017,38.9154,30.751
26,2017,38.591,30.416
26,2017,38.4213,30.5
26,2017,38.6799,28.996
26,2017,38.9138,29.096
59,2019,18.0677,27.578
59,2019,17.5871,27.606
59,2019,17.0733,28.41
59,2019,17.577,29.142
59,2019,18.2524,29.648
59,2019,19.1227,31.945
59,2019,21.7509,34.356
59,2019,25.7212,35.205
59,2019,27.2164,36.203
59,2019,29.0854,35.906
59,2019,28.8516,32.715
59,2019,29.0638,32.414
59,2019,30.7798,32.054
59,2019,31.7626,31.711
59,2019,31.6948,30.183
59,2019,30.048,28.396
59,2019,27.3434,28.347
59,2019,24.5118,27.728
59,2019,22.8492,27.708
59,2019,23.4481,27.691
59,2019,24.1264,26.75
59,2019,24.0023,27.125
59,2019,23.1623,26.482
59,2019,23.0065,26.294
60,2019,26.4486,26.729
60,2019,26.4832,27.189
60,2019,26.3736,28.324
60,2019,26.3144,28.76
60,2019,25.5379,29.048
60,2019,26.0459,31.79
60,2019,27.5007,33.618
60,2019,32.1133,34.053
60,2019,32.3789,35.788
60,2019,31.5331,35.667
60,2019,27.2005,33.573
60,2019,21.7379,32.853
60,2019,20.7492,31.673
60,2019,20.4577,31.176
60,2019,20.9297,29.859
60,2019,21.4074,28.118
60,2019,21.6599,28.096
60,2019,21.989,27.212
60,2019,22.2084,27.277
60,2019,22.0568,27.401
60,2019,23.1566,26.463
60,2019,24.8163,26.565
60,2019,26.6839,25.76
60,2019,27.7648,25.84
61,2019,28.5471,27.319
61,2019,28.6625,27.35
61,2019,28.8891,28.059
61,2019,29.3639,28.542
61,2019,29.9153,29.025
61,2019,30.2732,32.961
61,2019,30.1289,35.542
61,2019,31.562,36.403
61,2019,31.7424,36.93
61,2019,29.859,37.154
61,2019,29.1648,35.277
61,2019,29.4332,34.385
61,2019,28.7751,33.65
61,2019,28.0001,32.862
61,2019,27.9799,30.915
61,2019,27.9308,28.724
61,2019,28.1069,28.575
61,2019,28.0809,27.651
61,2019,27.9279,27.545
61,2019,29.0883,27.682
61,2019,29.8344,26.694
61,2019,30.5806,26.64
61,2019,31.2993,26.282
61,2019,31.4783,26.331
62,2019,22.0265,25.957
62,2019,23.6963,26.294
62,2019,25.2969,27.87
62,2019,26.134,29.95
62,2019,26.0864,32.076
62,2019,25.0631,36.013
62,2019,23.7945,36.871
62,2019,32.2923,37.559
62,2019,34.3374,38.926
62,2019,33.8467,39.289
62,2019,31.8853,37.22
62,2019,30.5099,36.409
62,2019,30.7336,35.507
62,2019,32.7758,34.241
62,2019,34.1165,30.607
62,2019,33.0269,28.483
62,2019,32.4034,27.868
62,2019,33.1683,27.112
62,2019,33.6951,26.895
62,2019,32.4915,26.793
62,2019,31.6472,26.28
62,2019,30.9862,26.227
62,2019,30.0221,25.724
62,2019,28.9772,25.67
63,2019,27.1269,27.442
63,2019,26.5814,27.627
63,2019,26.1138,29.36
63,2019,25.7645,29.988
63,2019,25.8439,31.2
63,2019,26.1383,34.964
63,2019,26.2076,37.136
63,2019,27.0071,38.061
63,2019,29.5068,39.362
63,2019,30.0697,39.458
63,2019,29.3048,36.93
63,2019,28.905,35.948
63,2019,28.3883,34.977
63,2019,28.9901,34.037
63,2019,28.957,31.794
63,2019,29.2716,29.476
63,2019,29.5978,28.939
63,2019,30.1188,28.018
63,2019,31.2373,28.04
63,2019,32.4294,27.897
63,2019,32.8393,27.155
63,2019,32.9894,27.157
63,2019,32.3832,26.585
63,2019,31.2762,26.691
64,2019,21.4694,28.281
64,2019,21.9471,28.195
64,2019,21.849,29.624
64,2019,20.514,29.963
64,2019,18.8932,30.54
64,2019,18.9654,34.328
64,2019,20.4808,36.784
64,2019,31.0381,37.359
64,2019,32.49,38.079
64,2019,31.8391,38.066
64,2019,31.2488,35.226
64,2019,32.1379,34.875
64,2019,33.3646,34.314
64,2019,35.2682,33.704
64,2019,37.0131,31.506
64,2019,38.4535,29.755
64,2019,38.9586,29.802
64,2019,39.406,28.912
64,2019,39.4883,28.927
64,2019,39.7827,29.193
64,2019,40.0887,28.508
64,2019,40.2359,28.522
64,2019,40.1262,27.516
64,2019,39.699,27.603
65,2019,39.0279,29.063
65,2019,38.1042,29.152
65,2019,36.8702,30.776
65,2019,36,31.294
65,2019,35.8903,31.848
65,2019,36.0996,34.147
65,2019,36.7288,37.01
65,2019,36.7591,37.622
65,2019,35.9437,37.959
65,2019,35.4385,36.912
65,2019,33.2982,35.913
65,2019,30.0134,35.469
65,2019,28.4244,34.313
65,2019,28.1242,33.336
65,2019,27.9654,31.247
65,2019,28.8574,29.878
65,2019,29.5227,29.784
65,2019,28.3696,28.835
65,2019,27.0952,29.027
65,2019,28.8617,28.774
65,2019,28.1949,27.858
65,2019,27.2799,27.949
65,2019,26.7589,27.445
65,2019,26.6478,27.588
66,2019,26.2754,28.57
66,2019,26.1109,28.518
66,2019,27.2943,29.841
66,2019,29.1359,29.911
66,2019,32.7267,30.513
66,2019,33.7716,33.349
66,2019,36.2482,35.4
66,2019,37.2224,35.937
66,2019,38.3366,37.284
66,2019,38.53,37.421
66,2019,37.6741,35.54
66,2019,35.9235,35.409
66,2019,36.8544,35.2
66,2019,34.5538,34.47
66,2019,34.1238,32.41
66,2019,35.1427,30.219
66,2019,35.9249,29.926
66,2019,37.0247,29.26
66,2019,37.8314,29.355
66,2019,39.0077,29.378
66,2019,39.7986,28.884
66,2019,39.7091,28.818
66,2019,36.8255,28.302
66,2019,33.9535,28.283
67,2019,32.3991,29.219
67,2019,31.3397,29.436
67,2019,31.0064,30.868
67,2019,32.0065,31.301
67,2019,33.2722,31.582
67,2019,34.0083,34.271
67,2019,35.0041,36.275
67,2019,32.2822,36.889
67,2019,32.5737,37.718
67,2019,32.5766,37.834
67,2019,31.474,35.826
67,2019,31.2618,34.726
67,2019,31.7496,33.869
67,2019,33.2463,32.79
67,2019,33.9823,31.067
67,2019,35.8383,29.61
67,2019,36.3622,29.492
67,2019,36.9713,28.859
67,2019,37.7636,28.831
67,2019,38.1331,29.023
67,2019,38.2211,28.414
67,2019,38.2211,28.351
67,2019,34.7415,28.008
67,2019,31.5202,27.895
68,2019,34.2926,29.556
68,2019,33.7283,29.492
68,2019,33.6331,30.495
68,2019,33.8568,30.923
68,2019,34.0227,31.242
68,2019,34.3835,33.936
68,2019,36.3868,35.607
68,2019,38.3048,36.469
68,2019,38.5415,37.175
68,2019,37.9642,37.572
68,2019,35.0792,32.264
68,2019,34.6087,33.181
68,2019,33.2217,32.969
68,2019,33.5667,32.371
68,2019,33.7341,30.705
68,2019,34.4889,28.58
68,2019,35.6752,28.508
68,2019,36.5239,27.636
68,2019,37.042,27.741
68,2019,35.3664,27.694
68,2019,34.7184,26.917
68,2019,33.7269,27.081
68,2019,33.2549,26.241
68,2019,33.431,26.372
69,2019,33.7023,27.85
69,2019,33.6345,27.73
69,2019,33.483,29.867
69,2019,33.5869,30.396
69,2019,33.952,31.066
69,2019,34.1238,34.085
69,2019,37.4504,36.461
69,2019,34.6116,36.822
69,2019,33.2722,38.248
69,2019,31.3715,38.946
69,2019,30.8418,35.241
69,2019,30.3988,35.554
69,2019,31.4408,34.816
69,2019,32.0166,33.895
69,2019,32.0643,32.19
69,2019,31.1637,30.807
69,2019,30.1419,30.168
69,2019,28.7304,29.068
69,2019,27.6292,29.154
69,2019,25.2536,29.077
69,2019,25.0328,27.825
69,2019,25.0544,27.685
69,2019,24.7297,26.636
69,2019,23.757,26.58
70,2019,24.151,30.503
70,2019,23.3803,30.925
70,2019,21.3713,33.343
70,2019,19.3132,34.754
70,2019,18.6565,35.891
70,2019,19.3277,39.749
70,2019,21.9789,41.931
70,2019,23.0902,42.163
70,2019,25.2695,43.437
70,2019,28.065,43.906
70,2019,28.1372,41.99
70,2019,27.3117,42.302
70,2019,27.2554,41.898
70,2019,27.0302,40.663
70,2019,26.9436,37.559
70,2019,26.694,33.803
70,2019,26.6218,33.613
70,2019,27.4921,32.814
70,2019,28.3782,32.709
70,2019,29.0479,32.546
70,2019,29.1908,31.512
70,2019,28.9656,31.206
70,2019,28.3609,29.708
70,2019,27.6032,29.904
71,2019,34.6938,31.224
71,2019,35.1225,31.492
71,2019,34.9219,32.658
71,2019,33.7269,32.897
71,2019,33.024,33.893
71,2019,32.8696,36.892
71,2019,33.063,39.391
71,2019,33.5681,40.274
71,2019,34.5755,40.999
71,2019,33.8438,41.112
71,2019,33.685,38.834
71,2019,32.7238,37.283
71,2019,31.3585,36.124
71,2019,32.4236,35.298
71,2019,33.5652,33.84
71,2019,34.0631,32.368
71,2019,34.0458,32.193
71,2019,34.0285,30.541
71,2019,33.4252,30.261
71,2019,35.6565,30.092
71,2019,35.7517,29.304
71,2019,35.8614,29.366
71,2019,35.9509,29.076
71,2019,35.8369,28.993
72,2019,35.4862,30.329
72,2019,35.6464,30.297
72,2019,35.9812,31.852
72,2019,36.4575,32.271
72,2019,36.202,33.069
72,2019,35.0633,35.328
72,2019,34.3576,37.825
72,2019,36.5037,38.753
72,2019,37.3277,39.772
72,2019,38.0133,40.128
72,2019,38.4145,38.712
72,2019,37.7044,38.053
72,2019,35.2755,36.572
72,2019,35.5078,35.644
72,2019,36.1558,34.014
72,2019,35.9033,32.55
72,2019,35.2942,32.301
72,2019,34.9681,31.465
72,2019,34.6765,31.308
72,2019,35.7835,31.258
72,2019,35.2033,30.574
72,2019,35.7849,30.217
72,2019,36.0707,29.66
72,2019,36.9107,29.707
73,2019,32.9345,30.618
73,2019,32.8566,30.495
73,2019,33.291,31.862
73,2019,34.1483,32.439
73,2019,34.3431,32.958
73,2019,33.6533,35.706
73,2019,34.5712,38.193
73,2019,37.2974,38.754
73,2019,37.6409,39.999
73,2019,37.8314,40.391
73,2019,37.4331,37.963
73,2019,35.7084,38.271
73,2019,34.7314,38.029
73,2019,35.2221,37.351
73,2019,35.0835,34.224
73,2019,34.7689,32.4
73,2019,34.6563,31.634
73,2019,34.5149,31.127
73,2019,34.3677,30.982
73,2019,34.9507,30.817
73,2019,34.8338,30.101
73,2019,34.5683,30.131
73,2019,33.7355,29.68
73,2019,32.4381,29.702
74,2019,28.0737,29.973
74,2019,27.4661,30.17
74,2019,26.8888,32.05
74,2019,26.4688,32.701
74,2019,26.2321,33.509
74,2019,26.1744,37.151
74,2019,26.1426,39.411
74,2019,31.4826,40.128
74,2019,34.8165,40.705
74,2019,34.7386,40.549
74,2019,34.2421,38.004
74,2019,33.5133,37.37
74,2019,33.1871,36.826
74,2019,31.8593,35.87
74,2019,32.6055,33.795
74,2019,32.9403,30.579
74,2019,33.5912,30.592
74,2019,34.2941,30.339
74,2019,34.4384,30.45
74,2019,32.4799,30.525
74,2019,31.5736,29.804
74,2019,30.3511,29.809
74,2019,29.4635,29.078
74,2019,29.3423,29.131
75,2019,28.2065,29.943
75,2019,29.0955,30.476
75,2019,30.012,31.721
75,2019,30.468,31.976
75,2019,30.8245,32.773
75,2019,31.2517,35.761
75,2019,31.0771,37.91
75,2019,33.0601,38.822
75,2019,34.4716,40.251
75,2019,35.3115,40.759
75,2019,35.961,39.843
75,2019,36.0418,39.016
75,2019,35.4775,37.059
75,2019,35.0099,35.611
75,2019,35.8123,33.934
75,2019,36.8659,32.674
75,2019,37.7275,32.185
75,2019,37.4591,31.563
75,2019,37.2455,31.586
75,2019,35.4977,31.229
75,2019,35.8354,30.406
75,2019,35.8831,30.265
75,2019,35.9711,30.137
75,2019,35.4198,30.295
76,2019,36.3247,32.184
76,2019,35.9033,32.82
76,2019,35.2423,35.077
76,2019,34.6087,35.893
76,2019,34.1757,36.272
76,2019,33.991,39.662
76,2019,35.5526,41.626
76,2019,36.3738,42.277
76,2019,35.5526,43.316
76,2019,36.6393,43.727
76,2019,39.8087,41.976
76,2019,41.2635,41.619
76,2019,41.1624,40.493
76,2019,35.1124,39.687
76,2019,36.0433,38.288
76,2019,36.876,35.43
76,2019,37.7117,34.221
76,2019,37.1661,32.739
76,2019,36.4676,32.613
76,2019,38.1432,32.519
76,2019,37.9642,31.449
76,2019,37.4244,31.632
76,2019,36.8067,31.456
76,2019,35.9062,31.623
77,2019,35.6695,32.038
77,2019,35.6262,32.304
77,2019,34.9031,34.223
77,2019,33.6533,34.982
77,2019,32.8912,35.726
77,2019,33.0125,38.543
77,2019,35.5381,40.686
77,2019,37.2974,41.232
77,2019,37.2845,42.148
77,2019,38.1821,42.183
77,2019,38.9976,41.067
77,2019,39.5316,41.144
77,2019,39.4854,40.432
77,2019,35.8224,38.704
77,2019,35.2524,36.396
77,2019,35.2307,33.967
77,2019,35.9004,33.209
77,2019,36.3478,32.457
77,2019,36.7649,32.682
77,2019,34.652,32.695
77,2019,34.8483,31.742
77,2019,35.3693,31.72
77,2019,35.4948,30.575
77,2019,35.199,30.663
78,2019,34.805,31.459
78,2019,34.8815,31.691
78,2019,35.5583,33.055
78,2019,35.9422,33.529
78,2019,35.769,34.262
78,2019,35.3491,37.261
78,2019,36.1558,39.667
78,2019,39.0539,40.358
78,2019,39.2343,41.689
78,2019,40.0208,42.126
78,2019,40.4524,40.394
78,2019,38.1533,38.623
78,2019,37.9224,37.345
78,2019,34.8064,36.749
78,2019,34.7703,35.285
78,2019,34.4211,33.729
78,2019,33.3502,33.338
78,2019,33.2939,32.672
78,2019,35.6305,32.272
78,2019,38.6036,32.086
78,2019,38.2933,31.347
78,2019,37.5832,31.261
78,2019,36.7779,30.605
78,2019,35.8845,30.553
79,2019,35.2726,31.666
79,2019,34.5567,32.117
79,2019,33.7095,33.505
79,2019,33.2001,34.018
79,2019,33.024,34.529
79,2019,33.1856,36.937
79,2019,34.411,39.23
79,2019,40.1031,39.79
79,2019,40.6443,40.963
79,2019,39.7654,41.043
79,2019,37.9022,39.519
79,2019,37.9123,38.457
79,2019,36.3536,37.8
79,2019,38.8027,37.428
79,2019,38.6036,35.059
79,2019,38.0176,33.207
79,2019,37.869,32.533
79,2019,37.6193,31.827
79,2019,37.2743,31.782
79,2019,38.5487,31.708
79,2019,37.8358,28.542
79,2019,37.7117,28.309
79,2019,37.4735,28.841
79,2019,37.0478,28.897
80,2019,37.2152,29.389
80,2019,37.2181,29.603
80,2019,36.1587,31.024
80,2019,35.7344,31.674
80,2019,35.2278,32.489
80,2019,34.3475,34.914
80,2019,34.3417,36.627
80,2019,36.3435,37.2
80,2019,39.0221,38.648
80,2019,40.4134,39.455
80,2019,40.7064,37.051
80,2019,40.1031,37.682
80,2019,40.1262,37.128
80,2019,38.1302,36.856
80,2019,37.9498,35.028
80,2019,38.3582,32.953
80,2019,38.6252,32.471
80,2019,39.5157,31.439
80,2019,39.7423,31.294
80,2019,37.8719,31.205
80,2019,37.5991,30.279
80,2019,36.7981,30.27
80,2019,36.0144,29.776
80,2019,34.945,30
81,2020,34.9163,24.49
81,2020,34.6908,24.301
81,2020,34.3667,25.68
81,2020,34.1646,26.104
81,2020,33.785,26.489
81,2020,32.8436,29.556
81,2020,32.0734,31.926
81,2020,32.0858,32.556
81,2020,32.2768,33.34
81,2020,30.7402,33.647
81,2020,30.3545,33.758
81,2020,31.5534,33.61
81,2020,32.3877,32.878
81,2020,31.7272,32.096
81,2020,31.1209,29.547
81,2020,30.0587,27.9
81,2020,29.7876,27.63
81,2020,30.1955,26.459
81,2020,29.9725,26.463
81,2020,29.6767,26.182
81,2020,28.8376,25.366
81,2020,28.4667,25.14
81,2020,29.084,24.345
81,2020,30.1314,24.329
82,2020,32.1535,26.142
82,2020,32.7142,26.135
82,2020,32.1153,26.593
82,2020,31.9096,27.208
82,2020,31.5867,27.437
82,2020,30.3976,29.824
82,2020,29.6348,32.117
82,2020,29.8763,32.885
82,2020,31.4167,32.063
82,2020,30.766,31.479
82,2020,28.3065,29.499
82,2020,32.0907,30.296
82,2020,33.4339,30.271
82,2020,31.4672,30.234
82,2020,30.7057,29.139
82,2020,30.1166,27.746
82,2020,30.3816,27.783
82,2020,31.1714,27.3
82,2020,31.79,27.097
82,2020,30.9447,27.101
82,2020,31.6261,26.541
82,2020,32.4764,26.596
82,2020,32.8313,26.715
82,2020,34.1005,26.443
83,2020,34.2213,26.463
83,2020,34.0401,26.252
83,2020,33.6199,26.488
83,2020,34.119,26.367
83,2020,34.2853,27.126
83,2020,34.2989,29.445
83,2020,33.8393,28.819
83,2020,34.0833,28.704
83,2020,36.2101,30.787
83,2020,35.4856,31.035
83,2020,35.3759,29.913
83,2020,35.0198,29.973
83,2020,36.1497,29.796
83,2020,36.5625,29.463
83,2020,36.6192,28.704
83,2020,37.1466,27.506
83,2020,37.8244,27.569
83,2020,37.8022,26.925
83,2020,37.382,26.71
83,2020,36.4726,26.698
83,2020,36.0857,26.261
83,2020,35.7813,25.865
83,2020,35.96,25.85
83,2020,36.1658,25.865
84,2020,36.2668,26.436
84,2020,35.838,26.532
84,2020,35.4437,27.205
84,2020,35.4227,27.365
84,2020,35.0222,28.042
84,2020,34.4012,30.225
84,2020,33.4055,31.577
84,2020,33.4967,31.689
84,2020,33.9921,32.411
84,2020,33.5472,32.216
84,2020,33.4659,31.01
84,2020,33.5053,30.926
84,2020,33.058,30.394
84,2020,33.0075,29.851
84,2020,32.7672,27.895
84,2020,32.3248,26.864
84,2020,32.8091,26.903
84,2020,32.8276,26.702
84,2020,32.9373,26.463
84,2020,30.506,26.515
84,2020,30.527,24.949
84,2020,30.8227,24.815
84,2020,31.2984,23.712
84,2020,31.5584,23.946
85,2020,14.3956,25.89
85,2020,13.4443,25.819
85,2020,12.6532,27.074
85,2020,12.6137,27.347
85,2020,13.1769,27.644
85,2020,13.9815,31.661
85,2020,14.8503,34.231
85,2020,21.6437,34.761
85,2020,24.4939,36.208
85,2020,24.3805,36.422
85,2020,24.1143,34.676
85,2020,22.4976,34.07
85,2020,18.0701,32.932
85,2020,17.9753,32.143
85,2020,18.1256,29.765
85,2020,18.218,27.775
85,2020,18.9832,27.672
85,2020,20.5063,26.687
85,2020,21.5278,26.527
85,2020,19.7485,26.506
85,2020,19.9161,25.748
85,2020,20.1798,25.894
85,2020,21.1951,25.281
85,2020,23.2025,25.011
86,2020,24.2967,26.091
86,2020,24.5271,26.063
86,2020,25.2394,27.288
86,2020,26.2018,27.554
86,2020,26.1007,27.654
86,2020,25.996,31.09
86,2020,25.3182,33.692
86,2020,26.3299,34.483
86,2020,31.9453,36.252
86,2020,31.4807,36.688
86,2020,31.1246,35.211
86,2020,31.4265,35.34
86,2020,31.4167,34.459
86,2020,31.7629,33.107
86,2020,32.4468,30.152
86,2020,33.7468,28.254
86,2020,34.9988,28.028
86,2020,35.4732,27.498
86,2020,34.9089,27.531
86,2020,33.9958,27.568
86,2020,32.05,26.274
86,2020,30.1733,26.253
86,2020,28.7747,25.826
86,2020,28.5295,25.68
87,2020,29.1395,26.194
87,2020,29.3847,26.514
87,2020,29.2775,27.902
87,2020,27.1321,28.051
87,2020,25.1371,28.417
87,2020,23.9739,31.712
87,2020,23.2086,33.95
87,2020,26.4039,34.818
87,2020,32.2139,35.8
87,2020,33.0974,35.727
87,2020,31.6163,33.848
87,2020,28.3052,33.431
87,2020,27.6263,32.569
87,2020,28.4063,31.533
87,2020,30.0119,29.507
87,2020,31.1012,27.915
87,2020,32.1659,27.643
87,2020,33.2047,26.879
87,2020,34.0906,26.738
87,2020,34.2496,26.323
87,2020,34.3235,26.017
87,2020,32.5392,26.017
87,2020,29.1358,25.774
87,2020,29.222,25.723
88,2020,27.3244,27.067
88,2020,26.8068,27.208
88,2020,25.5388,28.41
88,2020,23.8432,28.446
88,2020,21.8384,28.719
88,2020,20.1305,31.322
88,2020,20.0689,33.944
88,2020,26.1747,34.306
88,2020,26.7045,35.212
88,2020,27.4513,34.261
88,2020,28.5911,32.074
88,2020,28.3952,31.695
88,2020,29.848,30.923
88,2020,30.9989,30.921
88,2020,31.4783,29.369
88,2020,32.2312,28.228
88,2020,32.8177,28.369
88,2020,33.0309,27.571
88,2020,32.9003,27.29
88,2020,32.9742,27.061
88,2020,32.2312,25.822
88,2020,31.2035,25.756
88,2020,30.4272,25.653
88,2020,29.9774,25.688
89,2020,29.7815,26.591
89,2020,29.5732,27.046
89,2020,29.0606,28.345
89,2020,28.1956,28.626
89,2020,27.1494,28.913
89,2020,26.5973,31.21
89,2020,26.3213,32.943
89,2020,30.3939,33.582
89,2020,31.7469,34.885
89,2020,31.7235,34.871
89,2020,29.8529,33.104
89,2020,27.4081,32.894
89,2020,26.723,32.105
89,2020,25.683,31.377
89,2020,24.415,29.342
89,2020,23.8124,27.902
89,2020,23.7792,27.818
89,2020,24.2745,26.822
89,2020,24.5284,26.85
89,2020,25.2961,26.617
89,2020,24.3805,25.392
89,2020,23.9788,25.395
89,2020,24.3941,24.909
89,2020,24.8204,25.042
90,2020,19.0929,25.572
90,2020,18.637,25.752
90,2020,17.1065,27.232
90,2020,15.3037,27.496
90,2020,13.8423,28.483
90,2020,12.6458,32.705
90,2020,11.9693,35.09
90,2020,12.6593,35.613
90,2020,14.3056,37.276
90,2020,14.7751,37.243
90,2020,15.0179,35.202
90,2020,15.411,34.636
90,2020,17.2717,33.813
90,2020,17.8496,33.462
90,2020,17.1534,30.473
90,2020,17.0782,29.164
90,2020,17.9802,28.781
90,2020,17.7153,27.354
90,2020,18.8329,27.085
90,2020,22.2339,27.169
90,2020,22.4841,26.095
90,2020,22.4964,26.153
90,2020,23.2284,25.033
90,2020,23.4662,24.916
91,2020,14.5989,28.891
91,2020,14.3574,28.864
91,2020,15.1312,30.287
91,2020,16.345,30.291
91,2020,17.337,30.704
91,2020,18.6419,32.863
91,2020,23.5524,35.17
91,2020,24.7132,35.258
91,2020,29.1851,37.092
91,2020,31.0137,37.632
91,2020,31.8898,34.925
91,2020,31.275,34.8
91,2020,24.8327,34.298
91,2020,20.685,33.063
91,2020,19.7472,30.443
91,2020,20.7552,29.015
91,2020,21.0337,28.862
91,2020,21.4502,28.276
91,2020,21.2568,28.127
91,2020,17.6721,28.216
91,2020,18.425,27.513
91,2020,18.547,27.782
91,2020,18.3191,27.889
91,2020,18.2648,28.144
92,2020,18.3782,28.889
92,2020,18.6185,28.832
92,2020,18.7651,29.961
92,2020,18.7528,30.108
92,2020,18.8502,30.402
92,2020,18.69,32.694
92,2020,18.584,35.185
92,2020,26.8832,36.092
92,2020,29.9281,36.76
92,2020,31.2639,36.223
92,2020,31.1998,34.033
92,2020,27.8197,33.728
92,2020,24.85,32.923
92,2020,24.4926,32.26
92,2020,24.5937,30.171
92,2020,24.2363,28.673
92,2020,24.9683,28.648
92,2020,25.7939,28.085
92,2020,27.1605,27.927
92,2020,35.3217,28.014
92,2020,36.8152,27.734
92,2020,36.9556,28.132
92,2020,36.045,28.113
92,2020,34.5996,28.222
93,2020,33.8947,28.392
93,2020,33.5706,28.393
93,2020,33.5226,29.804
93,2020,33.4758,30.155
93,2020,33.3587,30.792
93,2020,33.1775,32.792
93,2020,33.0679,34.296
93,2020,34.225,34.781
93,2020,35.8848,36.852
93,2020,35.6174,37.945
93,2020,34.6402,36.57
93,2020,34.8226,35.631
93,2020,33.7148,34.955
93,2020,32.8374,34.646
93,2020,35.0518,32.174
93,2020,34.867,30.724
93,2020,35.2514,30.54
93,2020,35.7135,29.645
93,2020,35.9452,29.319
93,2020,34.7548,29.187
93,2020,35.456,28.559
93,2020,35.9366,28.599
93,2020,36.2027,27.207
93,2020,36.3728,27.245
94,2020,36.4332,28.208
94,2020,36.4393,28.206
94,2020,36.7042,28.589
94,2020,37.483,28.897
94,2020,38.1903,29.26
94,2020,37.9439,30.371
94,2020,37.6864,31.065
94,2020,38.544,31.783
94,2020,38.2051,33.588
94,2020,34.8781,34.296
94,2020,31.9638,30.601
94,2020,28.6971,28.99
94,2020,28.7944,27.986
94,2020,30.8893,28.052
94,2020,29.5252,27.097
94,2020,28.2609,26.239
94,2020,28.8154,25.971
94,2020,30.2054,24.936
94,2020,31.5165,24.89
94,2020,28.2054,25.044
94,2020,28.219,24.691
94,2020,28.1327,24.879
94,2020,27.9836,23.635
94,2020,28.0588,23.976
95,2020,24.3238,28.68
95,2020,24.4175,28.537
95,2020,24.6159,30.293
95,2020,24.7908,30.048
95,2020,24.8685,30.483
95,2020,24.9375,33.061
95,2020,25.0324,35.532
95,2020,23.306,36.056
95,2020,24.8056,37.343
95,2020,25.492,37.212
95,2020,23.4686,34.748
95,2020,22.6812,34.099
95,2020,22.7749,33.65
95,2020,22.7108,33.198
95,2020,22.8057,31.321
95,2020,22.8464,29.432
95,2020,22.7835,29.25
95,2020,23.3491,28.336
95,2020,24.1069,28.197
95,2020,23.7668,28.151
95,2020,24.1304,27.485
95,2020,24.4347,27.721
95,2020,24.6171,27.059
95,2020,24.245,27.531
96,2020,24.6664,28.489
96,2020,23.513,28.759
96,2020,22.4841,30.509
96,2020,22.696,30.13
96,2020,23.6806,30.809
96,2020,24.4187,33.275
96,2020,24.5296,36.05
96,2020,28.654,36.606
96,2020,31.4512,37.925
96,2020,31.949,37.914
96,2020,29.8271,34.852
96,2020,26.8968,33.919
96,2020,26.7982,32.8
96,2020,27.1001,32.765
96,2020,27.3724,31.716
96,2020,28.1093,29.965
96,2020,29.6558,30.046
96,2020,31.7136,29.341
96,2020,32.798,29.315
96,2020,30.8092,29.502
96,2020,30.5183,28.645
96,2020,30.6034,28.505
96,2020,31.0248,27.991
96,2020,31.1813,27.989
97,2020,36.7708,29.613
97,2020,34.4862,29.598
97,2020,32.6711,30.781
97,2020,32.5516,30.617
97,2020,33.339,31.259
97,2020,33.8368,33.915
97,2020,33.6335,36.6
97,2020,35.6494,37.382
97,2020,36.406,38.879
97,2020,36.3925,38.675
97,2020,35.9723,35.479
97,2020,34.0069,34.471
97,2020,34.0931,33.772
97,2020,36.8078,33.506
97,2020,36.1966,31.695
97,2020,35.87,30.454
97,2020,36.2495,30.672
97,2020,37.069,30.05
97,2020,37.6839,30.045
97,2020,38.7301,29.903
97,2020,39.5889,29.278
97,2020,40.04,29.304
97,2020,39.5631,29.002
97,2020,37.812,29.051
98,2020,37.1417,29.619
98,2020,37.3031,29.725
98,2020,37.5471,31.274
98,2020,37.3635,31.718
98,2020,36.2976,32.46
98,2020,35.2391,35.283
98,2020,36.602,37.631
98,2020,38.8632,38.117
98,2020,39.1503,39.146
98,2020,39.4842,39.416
98,2020,40.6253,37.701
98,2020,41.9561,34.195
98,2020,40.4971,32.468
98,2020,41.3868,32.326
98,2020,40.5945,31.053
98,2020,39.3955,30.308
98,2020,39.239,30.614
98,2020,39.7146,28.776
98,2020,39.987,28.757
98,2020,38.0979,28.705
98,2020,36.8373,27.625
98,2020,35.9945,27.587
98,2020,35.6766,27.208
98,2020,35.6839,27.344
99,2020,35.9205,28.327
99,2020,36.1596,28.435
99,2020,36.22,29.583
99,2020,36.1313,29.407
99,2020,35.2761,30.315
99,2020,34.0561,33.072
99,2020,34.9273,35.672
99,2020,33.4376,36.181
99,2020,33.7912,37.975
99,2020,34.1017,37.906
99,2020,34.4381,35.077
99,2020,35.1122,34.514
99,2020,34.6957,33.822
99,2020,35.8084,33.341
99,2020,36.7092,31.741
99,2020,37.5126,30.063
99,2020,38.6413,30.264
99,2020,39.0295,29.799
99,2020,39.6567,29.799
99,2020,37.4436,29.696
99,2020,38.4393,28.98
99,2020,38.5662,29.011
99,2020,37.8268,27.824
99,2020,37.1774,27.893
100,2020,36.9815,28.828
100,2020,36.289,29.001
100,2020,35.4301,29.847
100,2020,34.7918,30.194
100,2020,33.7961,30.901
100,2020,33.0987,33.131
100,2020,33.0211,35.137
100,2020,31.9182,35.66
100,2020,31.4598,36.772
100,2020,31.2072,36.382
100,2020,30.4087,32.735
100,2020,30.9164,32.447
100,2020,31.0889,32.064
100,2020,31.9453,32.111
100,2020,31.0384,30.507
100,2020,30.1943,29.537
100,2020,30.3976,29.633
100,2020,31.3501,28.861
100,2020,32.628,28.857
100,2020,33.9428,29.159
100,2020,34.3642,28.628
100,2020,35.2711,28.582
100,2020,36.0438,28.276
100,2020,36.4603,28.336
101,2020,37.2255,29.065
101,2020,38.0955,28.968
101,2020,38.9272,30.069
101,2020,39.4842,29.909
101,2020,39.9697,30.251
101,2020,39.6358,32.27
101,2020,39.1761,34.2
101,2020,37.1602,34.628
101,2020,35.7776,35.817
101,2020,35.679,35.829
101,2020,34.2471,33.302
101,2020,31.2848,32.644
101,2020,30.6046,32.476
101,2020,29.2701,31.647
101,2020,29.7433,30.116
101,2020,28.6934,28.915
101,2020,27.9774,28.832
101,2020,29.052,28.203
101,2020,30.7907,28.048
101,2020,34.9594,28.113
101,2020,35.2231,27.431
101,2020,35.2379,27.617
101,2020,35.3414,26.748
101,2020,35.3771,26.863
102,2020,35.5632,27.679
102,2020,35.7764,27.779
102,2020,35.8343,29.397
102,2020,35.7985,29.555
102,2020,36.2495,29.993
102,2020,36.2113,32.414
102,2020,34.2558,33.408
102,2020,33.8713,34.138
102,2020,33.8035,36.768
102,2020,33.2145,37.095
102,2020,32.3729,36.011
102,2020,30.7032,36.147
102,2020,29.625,35.275
102,2020,28.5369,34.609
102,2020,28.1906,32.589
102,2020,28.0674,30.5
102,2020,27.8789,30.411
102,2020,27.7593,29.275
102,2020,28.0982,29.005
102,2020,28.3607,29.033
102,2020,30.124,28.216
102,2020,30.8868,28.183
102,2020,31.3452,27.258
102,2020,31.7321,27.179
103,2020,32.1597,28.347
103,2020,32.3482,28.41
103,2020,31.9736,30.612
103,2020,31.1209,30.534
103,2020,30.0242,31.357
103,2020,29.052,33.68
103,2020,29.6484,36.276
103,2020,27.5117,36.934
103,2020,26.9781,38.177
103,2020,27.4808,38.374
103,2020,27.8234,34.952
103,2020,28.7131,34.622
103,2020,26.8968,33.979
103,2020,30.1425,33.836
103,2020,33.8442,32.464
103,2020,35.0148,30.036
103,2020,35.175,29.984
103,2020,35.6618,28.942
103,2020,37.2378,28.725
103,2020,37.6888,28.746
103,2020,37.7886,28.329
103,2020,37.8133,28.714
103,2020,38.2101,28.018
103,2020,38.6993,28.222
104,2020,39.2242,29.8
104,2020,39.3647,29.782
104,2020,39.2279,31.016
104,2020,39.2562,31.136
104,2020,39.4509,31.472
104,2020,38.9334,34.256
104,2020,37.032,36.358
104,2020,39.1034,36.983
104,2020,39.3671,37.775
104,2020,39.2673,38.384
104,2020,38.1423,36.991
104,2020,35.679,35.241
104,2020,37.2797,34.202
104,2020,33.7912,33.037
104,2020,33.0235,32.074
104,2020,33.3673,30.086
104,2020,34.0709,30.055
104,2020,35.7419,29.187
104,2020,37.6543,29.135
104,2020,35.2169,29.268
104,2020,34.5848,28.664
104,2020,34.3741,28.686
104,2020,34.5182,28.313
104,2020,34.9076,28.193
105,2020,30.1413,29.377
105,2020,31.3908,29.381
105,2020,32.5737,31.111
105,2020,33.3464,31.374
105,2020,33.7456,32.091
105,2020,33.8109,35.095
105,2020,34.2028,37.015
105,2020,36.1411,37.733
105,2020,36.8768,39.102
105,2020,37.4547,39.394
105,2020,37.223,37.408
105,2020,36.4775,36.478
105,2020,36.3592,35.756
105,2020,36.0265,35.42
105,2020,36.0733,33.461
105,2020,35.7727,31.065
105,2020,35.578,31.265
105,2020,35.626,30.393
105,2020,35.6864,30.234
105,2020,35.5324,30.087
105,2020,34.676,29.44
105,2020,33.8528,29.434
105,2020,33.4203,28.763
105,2020,33.4474,29.035
106,2020,33.3168,29.7
106,2020,32.6304,29.74
106,2020,32.246,31.249
106,2020,32.1757,31.38
106,2020,31.9638,32.027
106,2020,31.445,34.685
106,2020,31.2355,36.603
106,2020,31.6052,37.282
106,2020,33.8195,38.37
106,2020,33.5904,38.149
106,2020,33.4979,34.952
106,2020,32.9607,34.319
106,2020,34.188,34.062
106,2020,34.2397,33.444
106,2020,34.6821,32.141
106,2020,35.4794,29.235
106,2020,35.4289,29.359
106,2020,34.9175,28.785
106,2020,34.5848,28.951
106,2020,37.0333,28.919
106,2020,36.512,28.371
106,2020,35.8109,28.578
106,2020,35.4338,28.254
106,2020,35.2182,28.357
107,2020,34.915,29.97
107,2020,34.6328,29.92
107,2020,34.4973,31.354
107,2020,34.2853,31.447
107,2020,33.5854,31.565
107,2020,33.302,33.853
107,2020,33.6322,35.881
107,2020,34.0993,36.295
107,2020,36.597,37.386
107,2020,37.016,37.557
107,2020,36.671,34.591
107,2020,36.2804,34.449
107,2020,35.3266,33.822
107,2020,35.2182,33.514
107,2020,35.1036,32.185
107,2020,35.1442,30.216
107,2020,35.0382,30.096
107,2020,34.5848,29.376
107,2020,34.0167,29.413
107,2020,36.2335,29.299
107,2020,35.7098,28.662
107,2020,34.7696,28.874
107,2020,33.8245,28.538
107,2020,32.9976,28.366
108,2020,28.3718,29.313
108,2020,26.4223,29.486
108,2020,24.5407,31.48
108,2020,23.1285,31.624
108,2020,22.3276,32.263
108,2020,22.4101,34.826
108,2020,23.1396,36.943
108,2020,22.0097,37.577
108,2020,24.8685,38.898
108,2020,27.8579,39.271
108,2020,26.1266,36.404
108,2020,26.4803,35.977
108,2020,26.9226,35.426
108,2020,27.3847,34.499
108,2020,27.5351,32.712
108,2020,27.9121,29.71
108,2020,28.463,29.552
108,2020,28.9337,28.589
108,2020,29.2491,28.593
108,2020,28.9867,28.687
108,2020,28.7451,28.187
108,2020,27.6509,28.312
108,2020,26.2055,27.847
108,2020,24.9301,27.898
109,2020,26.0514,28.792
109,2020,26.4322,28.94
109,2020,27.8271,31.302
109,2020,29.1764,31.337
109,2020,29.8714,31.836
109,2020,30.2275,34.256
109,2020,32.575,36.384
109,2020,35.7961,37.008
109,2020,35.8811,38.647
109,2020,35.8306,39.033
109,2020,34.9532,37.589
109,2020,34.4381,37.591
109,2020,33.2515,37.098
109,2020,31.7173,36.066
109,2020,31.8603,33.719
109,2020,32.7955,31.65
109,2020,32.8498,31.473
109,2020,32.814,30.729
109,2020,31.8923,30.839
109,2020,34.5071,30.67
109,2020,34.1843,29.76
109,2020,33.4154,29.812
109,2020,32.5935,29.402
109,2020,32.6723,29.388
110,2020,29.6361,30.762
110,2020,29.6927,30.969
110,2020,29.6102,32.427
110,2020,29.0914,32.491
110,2020,28.3631,32.792
110,2020,28.0317,35.18
110,2020,28.2042,37.087
110,2020,29.1937,37.748
110,2020,30.8104,39.424
110,2020,31.4906,39.414
110,2020,32.2965,37.332
110,2020,33.2995,36.507
110,2020,33.7062,35.372
110,2020,33.9637,34.75
110,2020,35.1627,33.383
110,2020,36.2212,31.477
110,2020,37.0653,31.11
110,2020,37.3721,30.534
110,2020,37.1651,30.462
110,2020,35.8712,30.564
110,2020,35.9378,30.057
110,2020,35.9957,30.168
110,2020,35.8528,30.1
110,2020,35.1245,29.927
111,2020,33.578,30.649
111,2020,31.6533,31.059
111,2020,30.108,32.466
111,2020,28.5591,32.838
111,2020,26.7945,33.37
111,2020,26.3533,35.77
111,2020,26.7095,38.079
111,2020,32.9138,38.707
111,2020,33.9243,40.44
111,2020,34.7055,40.226
111,2020,35.8232,39.444
111,2020,36.374,39.1
111,2020,36.0659,37.59
111,2020,32.8646,35.863
111,2020,30.6465,33.71
111,2020,30.315,31.797
111,2020,30.3939,31.783
111,2020,29.6644,31.354
111,2020,29.4438,31.241
111,2020,27.6398,31.288
111,2020,30.9459,30.519
111,2020,34.2804,30.761
111,2020,35.0875,30.298
111,2020,34.3359,30.509
112,2020,33.2231,31.847
112,2020,32.5713,31.976
112,2020,32.2953,33.385
112,2020,31.9601,33.823
112,2020,31.1135,34.382
112,2020,30.4407,37.191
112,2020,34.2866,39.157
112,2020,36.2409,39.878
112,2020,35.021,41.103
112,2020,33.7431,41.424
112,2020,34.2003,40.039
112,2020,35.4498,38.915
112,2020,34.639,36.785
112,2020,34.0943,35.923
112,2020,34.2114,33.887
112,2020,34.899,32.89
112,2020,34.9089,32.749
112,2020,35.5028,32.25
112,2020,36.5564,32.217
112,2020,41.3277,32.137
112,2020,40.9506,31.49
112,2020,39.95,31.4
112,2020,37.6247,30.674
112,2020,35.4892,30.54
113,2020,34.0648,31.21
113,2020,31.4869,31.681
113,2020,28.3447,33.875
113,2020,27.0927,34.757
113,2020,27.6312,35.374
113,2020,28.7562,37.999
113,2020,33.1997,40.068
113,2020,34.0229,40.424
113,2020,33.8799,41.695
113,2020,33.8947,42.056
113,2020,34.395,40.568
113,2020,34.6501,40.5
113,2020,34.9779,39.245
113,2020,34.6082,37.683
113,2020,36.1867,35.109
113,2020,37.2871,32.846
113,2020,36.374,32.698
113,2020,35.4363,31.863
113,2020,36.0376,31.642
113,2020,39.0862,31.426
113,2020,38.9457,30.079
113,2020,38.7387,29.957
113,2020,38.7436,29.643
113,2020,38.6943,29.607
114,2021,21.7425,27.85
114,2021,21.7095,27.523
114,2021,22.054,29.813
114,2021,22.4257,30.457
114,2021,22.7716,30.917
114,2021,22.8893,33.845
114,2021,22.9941,35.601
114,2021,28.3279,36.039
114,2021,29.7962,37.741
114,2021,29.8852,38.118
114,2021,31.4038,36.431
114,2021,31.3191,36.111
114,2021,30.6545,35.346
114,2021,30.6215,34.735
114,2021,30.9703,33.177
114,2021,30.9143,30.482
114,2021,31.0507,30.24
114,2021,31.3521,28.975
114,2021,31.82,28.879
114,2021,28.1757,28.821
114,2021,28.6049,28.526
114,2021,29.0886,28.712
114,2021,29.7345,28.101
114,2021,30.1967,27.881
115,2021,30.3488,28.944
115,2021,31.0464,28.978
115,2021,32.2837,29.943
115,2021,33.1664,30.261
115,2021,33.4836,30.647
115,2021,33.818,32.072
115,2021,31.9449,33.845
115,2021,27.1695,33.931
115,2021,26.8179,35.447
115,2021,25.4443,35.901
115,2021,24.4754,33.879
115,2021,27.4595,33.702
115,2021,27.4064,33.7
115,2021,29.212,33.526
115,2021,31.6019,32.313
115,2021,31.2832,30.134
115,2021,30.3072,29.989
115,2021,27.415,28.971
115,2021,24.6204,28.714
115,2021,24.6433,28.6
115,2021,25.061,27.454
115,2021,25.5289,27.514
115,2021,26.2581,27.27
115,2021,26.8782,27.278
116,2021,23.2424,26.296
116,2021,23.5324,26.634
116,2021,23.5654,28.687
116,2021,23.1649,29.398
116,2021,21.9435,29.565
116,2021,20.9387,31.737
116,2021,23.4922,33.783
116,2021,23.541,33.942
116,2021,25.3337,34.895
116,2021,25.8548,35.073
116,2021,25.3998,33.439
116,2021,19.7732,33.031
116,2021,18.4082,32.404
116,2021,17.9001,31.707
116,2021,17.3331,30.245
116,2021,16.5997,28.405
116,2021,16.1877,28.155
116,2021,15.7155,27.326
116,2021,15.1701,27.117
116,2021,17.6633,27.101
116,2021,17.1178,26.468
116,2021,16.2495,26.685
116,2021,15.3222,26.388
116,2021,14.8457,26.786
117,2021,17.7465,26.967
117,2021,17.6145,27.419
117,2021,17.8269,29.144
117,2021,18.1025,29.568
117,2021,18.2503,29.889
117,2021,18.4513,32.196
117,2021,19.8708,34.921
117,2021,26.1921,35.272
117,2021,27.4523,36.44
117,2021,28.8087,36.749
117,2021,29.9756,33.605
117,2021,31.2603,33.549
117,2021,31.1268,33.192
117,2021,31.6851,32.821
117,2021,32.3942,31.224
117,2021,32.8434,29.271
117,2021,32.3411,28.955
117,2021,31.543,28.076
117,2021,30.2742,27.859
117,2021,32.1143,27.723
117,2021,31.0105,26.938
117,2021,30.1881,26.854
117,2021,29.4618,26.55
117,2021,28.6336,26.575
118,2021,27.4595,27.683
118,2021,25.9524,27.537
118,2021,24.6146,29.099
118,2021,23.6257,29.51
118,2021,23.007,29.862
118,2021,22.5807,32.66
118,2021,25.4313,34.69
118,2021,27.6949,35.243
118,2021,28.6637,36.422
118,2021,29.6283,37.353
118,2021,30.8569,35.493
118,2021,30.8411,35.381
118,2021,30.1048,34.875
118,2021,31.9004,34.512
118,2021,33.5826,31.939
118,2021,33.696,30.033
118,2021,33.597,29.882
118,2021,33.5783,28.802
118,2021,34.0836,28.214
118,2021,36.9011,28.188
118,2021,37.1624,27.129
118,2021,36.9916,26.89
118,2021,36.8954,26.234
118,2021,36.2495,26.356
119,2021,35.6409,27.056
119,2021,35.2534,27.097
119,2021,34.3089,28.248
119,2021,33.8898,28.695
119,2021,33.8711,29.308
119,2021,34.0233,32.029
119,2021,36.0916,34.401
119,2021,34.7424,35.006
119,2021,34.774,36.747
119,2021,34.0563,37.239
119,2021,34.1151,35.8
119,2021,33.3975,35.445
119,2021,34.2128,34.533
119,2021,33.8941,33.957
119,2021,35.2835,31.89
119,2021,35.8433,30.377
119,2021,35.6108,29.951
119,2021,36.9758,28.882
119,2021,37.6346,28.771
119,2021,36.4921,28.943
119,2021,35.9395,28.252
119,2021,35.7342,28.337
119,2021,35.4414,25.817
119,2021,34.9276,25.704
120,2021,34.606,26.073
120,2021,34.0793,26.1
120,2021,33.4334,27.079
120,2021,32.4229,27.25
120,2021,32.199,28.054
120,2021,32.4645,31.236
120,2021,34.2989,33.591
120,2021,34.5831,34.467
120,2021,34.1697,31.979
120,2021,33.7506,34.442
120,2021,33.3429,33.989
120,2021,33.5267,33.593
120,2021,33.8554,33.031
120,2021,34.2716,32.318
120,2021,35.384,30.854
120,2021,36.7748,29.451
120,2021,38.5963,28.738
120,2021,38.3523,27.841
120,2021,37.3361,27.74
120,2021,32.1315,27.556
120,2021,30.7191,26.715
120,2021,29.034,26.616
120,2021,26.6686,26.203
120,2021,23.4233,26.164
121,2021,24.0276,27.501
121,2021,24.6591,27.395
121,2021,25.2964,29.115
121,2021,25.9552,29.435
121,2021,26.6169,30.366
121,2021,27.3934,33.395
121,2021,28.1556,35.586
121,2021,29.0154,36.244
121,2021,33.0229,37.343
121,2021,32.6138,37.54
121,2021,30.2268,35.17
121,2021,28.579,34.613
121,2021,27.0045,34.301
121,2021,27.1222,33.852
121,2021,28.6781,32.079
121,2021,29.5838,30.065
121,2021,29.624,29.775
121,2021,30.2584,29.153
121,2021,31.0507,28.671
121,2021,28.6565,28.482
121,2021,29.1977,27.926
121,2021,29.3699,27.926
121,2021,29.2852,27.47
121,2021,29.2048,27.432
122,2021,29.1804,28.551
122,2021,28.9436,28.52
122,2021,28.4872,29.878
122,2021,27.8312,30.38
122,2021,27.1652,30.958
122,2021,27.0045,34.232
122,2021,29.4058,36.543
122,2021,31.4626,37.186
122,2021,30.633,38.447
122,2021,29.5292,39.095
122,2021,31.0593,36.914
122,2021,32.1473,35.789
122,2021,33.1147,34.845
122,2021,32.7229,34.571
122,2021,32.8937,32.953
122,2021,32.7774,30.939
122,2021,32.7286,30.755
122,2021,32.8506,29.967
122,2021,32.9296,29.94
122,2021,35.1242,29.688
122,2021,35.1141,29.254
122,2021,34.174,29.38
122,2021,33.0272,28.997
122,2021,31.9507,29.051
123,2021,31.398,29.446
123,2021,31.2445,29.377
123,2021,31.1827,30.732
123,2021,30.2067,31.133
123,2021,29.1101,31.634
123,2021,28.8159,34.503
123,2021,34.3936,36.443
123,2021,34.7079,36.935
123,2021,34.4769,37.881
123,2021,34.2171,37.469
123,2021,32.1459,35.084
123,2021,32.2291,34.605
123,2021,30.8957,34.192
123,2021,27.3978,33.706
123,2021,26.5997,31.713
123,2021,27.5915,29.975
123,2021,28.8661,29.629
123,2021,29.2637,29.088
123,2021,29.2379,29.056
123,2021,34.5773,28.88
123,2021,34.1769,28.506
123,2021,33.6214,28.626
123,2021,33.353,28.319
123,2021,33.4319,28.231
124,2021,33.6573,28.966
124,2021,34.0463,28.933
124,2021,34.3721,30.116
124,2021,33.574,30.469
124,2021,30.3172,30.753
124,2021,29.0943,33.226
124,2021,32.7257,35.493
124,2021,32.5779,35.969
124,2021,34.3563,37.308
124,2021,35.7242,37.62
124,2021,36.2796,35.407
124,2021,33.8482,34.358
124,2021,31.6047,34.039
124,2021,33.5525,33.694
124,2021,34.2831,31.895
124,2021,34.6879,30.94
124,2021,34.8859,30.724
124,2021,35.0209,29.942
124,2021,34.8888,29.785
124,2021,36.4131,29.764
124,2021,36.2409,28.83
124,2021,36.7102,28.686
124,2021,37.5097,28.409
124,2021,37.1251,28.472
125,2021,35.8447,28.656
125,2021,35.5648,28.536
125,2021,36.7447,29.727
125,2021,37.9001,29.881
125,2021,37.9088,30.183
125,2021,37.2499,32.481
125,2021,36.3772,34.204
125,2021,36.0055,34.709
125,2021,36.3299,36.444
125,2021,36.9098,37.035
125,2021,37.0131,35.073
125,2021,36.0686,35.17
125,2021,34.3592,34.238
125,2021,32.0755,33.488
125,2021,32.7918,31.685
125,2021,33.742,29.743
125,2021,33.8324,29.382
125,2021,33.6329,28.775
125,2021,33.4161,28.679
125,2021,33.1549,28.734
125,2021,33.1434,28.13
125,2021,33.6946,27.843
125,2021,34.108,27.578
125,2021,34.0075,27.561
126,2021,34.0233,27.527
126,2021,34.3864,27.57
126,2021,35.0309,29.173
126,2021,35.4586,29.659
126,2021,35.6395,29.931
126,2021,35.9969,33.513
126,2021,36.716,35.013
126,2021,35.2663,35.13
126,2021,36.1749,36.009
126,2021,34.4381,36.01
126,2021,32.3267,33.55
126,2021,30.2455,33.409
126,2021,29.6412,33.335
126,2021,29.1144,32.184
126,2021,29.6742,31.098
126,2021,29.6943,29.462
126,2021,30.3101,28.983
126,2021,29.8393,28.096
126,2021,29.1331,27.894
126,2021,30.4292,27.73
126,2021,29.9484,27.249
126,2021,28.9608,27.189
126,2021,28.1499,26.538
126,2021,27.8685,26.541
127,2021,17.6202,27.858
127,2021,19.6713,27.642
127,2021,22.0884,29.231
127,2021,23.8065,29.727
127,2021,24.4768,30.365
127,2021,24.2185,33.048
127,2021,23.419,35.206
127,2021,21.8014,35.608
127,2021,26.4705,37.038
127,2021,32.3425,37.193
127,2021,32.5004,35.529
127,2021,29.2651,34.788
127,2021,29.7718,34.04
127,2021,29.8795,33.615
127,2021,30.8268,31.7
127,2021,31.3449,29.484
127,2021,31.5645,29.224
127,2021,31.3335,28.243
127,2021,30.4464,28.274
127,2021,29.8708,28.493
127,2021,29.3972,27.572
127,2021,29.3225,27.409
127,2021,29.5838,26.93
127,2021,29.9699,26.82
128,2021,30.712,27.998
128,2021,30.8598,27.953
128,2021,31.0019,29.721
128,2021,31.1196,30.41
128,2021,31.378,30.917
128,2021,32.1487,34.127
128,2021,33.2525,35.711
128,2021,32.6181,36.266
128,2021,33.4348,37.299
128,2021,33.4391,37.504
128,2021,32.9597,35.799
128,2021,31.3205,34.056
128,2021,30.0086,34.347
128,2021,30.7952,34.625
128,2021,30.1565,33.053
128,2021,30.3603,30.931
128,2021,31.154,30.649
128,2021,31.5272,29.531
128,2021,31.266,29.148
128,2021,30.0474,29.199
128,2021,29.3398,28.161
128,2021,29.0699,28.182
128,2021,29.0068,27.691
128,2021,28.6967,27.61
129,2021,16.5494,28.462
129,2021,16.3198,28.561
129,2021,15.9035,30.217
129,2021,15.1801,30.513
129,2021,14.1768,30.765
129,2021,13.0228,32.576
129,2021,13.8668,34.714
129,2021,19.5263,34.696
129,2021,21.9635,35.767
129,2021,22.354,35.481
129,2021,19.8479,34.179
129,2021,18.0321,34.096
129,2021,18.2747,33.335
129,2021,17.0403,32.796
129,2021,16.8796,31.498
129,2021,17.1351,29.604
129,2021,17.2958,29.249
129,2021,17.2068,28.672
129,2021,17.4379,28.415
129,2021,19.5737,28.528
129,2021,19.2565,27.78
129,2021,19.301,27.597
129,2021,18.5374,26.92
129,2021,18.5316,26.881
131,2021,19.1388,28.721
131,2021,19.8091,28.652
131,2021,20.2167,30.271
131,2021,21.2157,30.828
131,2021,22.7559,31.829
131,2021,24.4969,32.424
131,2021,28.0566,35.211
131,2021,29.0642,35.338
131,2021,29.212,35.666
131,2021,29.4044,36.053
131,2021,29.1187,34.636
131,2021,30.4464,34.415
131,2021,27.8441,34.122
131,2021,26.2452,33.628
131,2021,25.3854,31.92
131,2021,23.996,29.651
131,2021,23.1778,29.46
131,2021,22.3942,28.673
131,2021,21.5186,28.79
131,2021,15.9136,28.833
131,2021,14.1711,27.999
131,2021,13.4319,27.725
131,2021,13.4735,26.86
131,2021,14.0261,27.096
132,2021,14.6462,28.183
132,2021,15.6567,28.073
132,2021,16.8265,30.161
132,2021,18.5661,30.647
132,2021,20.7119,30.814
132,2021,22.608,33.154
132,2021,27.3561,35.067
132,2021,30.1177,35.259
132,2021,31.3536,36.599
132,2021,32.2076,36.825
132,2021,32.0454,33.672
132,2021,31.4167,34.048
132,2021,29.0943,33.577
132,2021,28.3121,33.096
132,2021,27.6705,31.517
132,2021,28.1384,29.75
132,2021,28.4786,29.594
132,2021,28.5044,28.835
132,2021,28.2934,28.672
132,2021,27.2542,28.627
132,2021,27.0088,27.73
132,2021,26.7289,27.552
132,2021,26.4318,27.302
132,2021,26.3586,27.409
133,2021,26.8408,28.653
133,2021,27.1566,28.755
133,2021,28.0207,30.346
133,2021,28.6939,30.615
133,2021,29.1144,30.966
133,2021,30.5756,33.264
133,2021,32.6611,35.06
133,2021,32.4085,35.338
133,2021,32.5592,35.85
133,2021,32.0841,36.948
133,2021,32.1372,33.709
133,2021,33.5999,34.284
133,2021,32.2549,34.018
133,2021,31.3636,33.365
133,2021,31.3937,31.914
133,2021,32.064,30.073
133,2021,32.6741,29.882
133,2021,33.241,29.18
133,2021,33.2425,29.067
133,2021,28.6264,29.203
133,2021,27.0461,29.341
133,2021,25.7399,28.301
133,2021,25.2146,27.993
133,2021,24.6692,28.102
134,2021,23.8324,29.205
134,2021,23.4362,29.275
134,2021,23.7118,30.922
134,2021,24.3261,31.245
134,2021,24.8586,31.427
134,2021,25.2763,34.023
134,2021,29.8665,35.454
134,2021,31.7813,36.08
134,2021,30.8741,36.865
134,2021,29.812,36.85
134,2021,28.6982,35.241
134,2021,27.7896,34.664
134,2021,27.4623,33.445
134,2021,29.2824,32.503
134,2021,30.5713,31.22
134,2021,30.834,29.235
134,2021,31.3679,29.082
134,2021,31.8459,28.679
134,2021,31.8731,28.669
134,2021,35.9725,28.614
134,2021,35.928,28.709
134,2021,35.3251,27.91
134,2021,34.5386,28.141
134,2021,32.8879,28.199
135,2021,30.5067,29.461
135,2021,28.3695,29.61
135,2021,27.2872,31.251
135,2021,27.2571,31.316
135,2021,28.79,31.621
135,2021,31.7626,33.882
135,2021,32.5765,35.479
135,2021,28.8604,35.519
135,2021,31.421,36.171
135,2021,33.0458,36.073
135,2021,33.6113,34.303
135,2021,31.543,34.142
135,2021,30.2211,33.82
135,2021,30.0747,33.462
135,2021,30.4335,31.473
135,2021,30.6459,30.071
135,2021,30.1881,29.793
135,2021,29.4503,29.36
135,2021,28.747,29.203
135,2021,28.5274,29.314
135,2021,28.0666,28.706
135,2021,27.8872,28.739
135,2021,28.114,28.468
135,2021,28.8862,28.517
136,2021,30.4163,29.696
136,2021,30.4766,29.633
136,2021,30.5182,31.547
136,2021,30.1809,32.018
136,2021,30.2885,32.197
136,2021,30.6273,34.564
136,2021,30.6847,36.013
136,2021,33.1004,35.844
136,2021,33.2051,36.266
136,2021,32.8779,36.495
136,2021,31.4598,34.54
136,2021,29.7531,34.806
136,2021,28.4987,34.258
136,2021,28.0709,33.812
136,2021,28.6293,32.524
136,2021,29.2278,30.389
136,2021,28.7814,30.332
136,2021,28.1183,29.799
136,2021,27.8398,29.633
136,2021,27.4982,29.734
136,2021,28.9738,28.998
136,2021,30.1909,29.381
136,2021,30.1651,28.651
136,2021,29.8967,28.661
137,2021,29.7316,29.314
137,2021,29.3254,29.388
137,2021,28.358,31.284
137,2021,26.8638,31.471
137,2021,26.0629,31.586
137,2021,28.1771,33.67
137,2021,32.5592,35.438
137,2021,32.6511,35.262
137,2021,33.4262,36.349
137,2021,33.4865,36.805
137,2021,32.7674,35.999
137,2021,30.4723,35.441
137,2021,29.4991,34.661
137,2021,29.3484,33.965
137,2021,29.3556,32.515
137,2021,29.0513,30.537
137,2021,28.5848,30.316
137,2021,28.414,29.801
137,2021,28.259,29.777
137,2021,28.8833,29.848
137,2021,28.7958,29.877
137,2021,28.6034,28.227
137,2021,28.4929,28.149
137,2021,28.5188,28.105
138,2021,28.3867,29.021
138,2021,28.3609,29.441
138,2021,28.7326,31.558
138,2021,29.2034,31.804
138,2021,29.6599,31.98
138,2021,29.8163,34.11
138,2021,30.9416,36.126
138,2021,34.6792,36.328
138,2021,35.4041,37.373
138,2021,35.3151,37.698
138,2021,33.1362,35.386
138,2021,33.6314,35.547
138,2021,32.2564,34.998
138,2021,32.4014,34.3
138,2021,32.2219,32.791
138,2021,32.5004,30.606
138,2021,32.7832,30.578
138,2021,32.3927,29.992
138,2021,31.8172,29.846
138,2021,29.6326,29.778
138,2021,29.2135,29.205
138,2021,28.5087,29.146
138,2021,27.6834,28.715
138,2021,26.937,28.811
139,2021,32.4702,29.513
139,2021,32.1875,29.719
139,2021,31.8731,31.426
139,2021,31.5918,31.986
139,2021,31.1038,32.655
139,2021,30.6158,35.261
139,2021,32.2549,37.609
139,2021,34.4137,37.848
139,2021,35.1457,38.605
139,2021,36.0371,38.687
139,2021,36.3787,36.723
139,2021,38.1068,35.769
139,2021,38.2776,35.143
139,2021,38.18,34.991
139,2021,39.4446,33.361
139,2021,39.7115,30.496
139,2021,40.2613,29.753
139,2021,41.0866,28.033
139,2021,41.299,27.963
139,2021,41.2359,27.855
139,2021,41.6134,27.832
139,2021,41.556,27.853
139,2021,41.6105,26.214
139,2021,41.5287,26.313
140,2021,41.322,27.172
140,2021,41.2431,27.223
140,2021,41.0005,29.028
140,2021,40.4163,29.406
140,2021,39.6025,29.531
140,2021,39.014,32.762
140,2021,39.2106,34.953
140,2021,36.8308,35.881
140,2021,37.438,37.445
140,2021,37.8915,37.8
140,2021,38.0509,36.484
140,2021,37.3447,35.724
140,2021,37.8485,35.402
140,2021,36.6887,34.814
140,2021,37.7092,33.039
140,2021,37.9518,30.803
140,2021,38.1571,30.693
140,2021,38.6566,30.351
140,2021,38.8245,30.238
140,2021,35.2706,30.013
140,2021,35.3208,28.915
140,2021,35.4486,29.035
140,2021,35.8117,28.304
140,2021,36.1605,28.201
141,2021,36.1591,29.096
141,2021,35.9596,29.345
141,2021,35.8921,31.063
141,2021,35.9553,31.602
141,2021,35.8146,32.266
141,2021,36.1591,35.017
141,2021,37.1897,36.935
141,2021,37.8011,37.577
141,2021,38.2116,38.105
141,2021,38.5073,37.76
141,2021,37.9174,35.557
141,2021,37.8399,34.601
141,2021,36.9011,33.005
141,2021,37.593,32.946
141,2021,37.0002,32.001
141,2021,36.2208,30.739
141,2021,36.2997,30.471
141,2021,35.8045,30.373
141,2021,35.0524,30.367
141,2021,34.6979,30.364
141,2021,34.7582,30.363
141,2021,34.952,29.535
141,2021,35.0352,29.385
141,2021,34.6907,29.303
142,2021,34.0147,29.634
142,2021,33.2238,29.746
142,2021,32.476,31.391
142,2021,31.7741,32.114
142,2021,30.9287,32.466
142,2021,31.0191,34.862
142,2021,32.6425,36.96
142,2021,29.3484,36.979
142,2021,29.3498,37.655
142,2021,29.2493,38.096
142,2021,28.635,36.272
142,2021,25.6165,35.316
142,2021,23.2597,34.431
142,2021,22.2564,33.383
142,2021,22.908,32.392
142,2021,23.0946,29.678
142,2021,24.2242,29.524
142,2021,25.8548,28.91
142,2021,26.8968,29.116
142,2021,24.6118,29.473
142,2021,25.1471,29.055
142,2021,27.036,29.226
142,2021,28.3422,28.221
142,2021,29.5465,28.417
143,2021,34.6821,30.502
143,2021,35.0797,30.654
143,2021,36.2552,31.254
143,2021,36.848,31.251
143,2021,36.5911,29.841
143,2021,37.0906,30.697
143,2021,35.74,31.455
143,2021,35.8706,32.158
143,2021,35.8404,33.689
143,2021,36.0974,34.399
143,2021,35.9337,34.155
143,2021,37.0432,34.3
143,2021,37.3662,33.709
143,2021,37.9045,32.804
143,2021,38.1198,31.97
143,2021,37.2614,29.932
143,2021,38.5374,29.012
143,2021,38.1327,29.093
143,2021,37.7997,29.195
143,2021,37.204,29.073
143,2021,36.4505,28.747
143,2021,35.4945,28.719
143,2021,35.1457,28.734
143,2021,34.9692,28.86
144,2021,31.7052,29.679
144,2021,31.5732,29.805
144,2021,31.1182,31.509
144,2021,31.4339,31.562
144,2021,31.2488,32.007
144,2021,31.7856,34.368
144,2021,32.509,35.876
144,2021,34.9835,36.296
144,2021,35.4357,37.757
144,2021,35.928,38.017
144,2021,36.4232,36.809
144,2021,38.2963,34.963
144,2021,37.959,34.64
144,2021,38.6695,34.268
144,2021,39.7029,33.094
144,2021,40.1393,31.491
144,2021,40.2584,31.337
144,2021,40.356,30.097
144,2021,41.0435,29.32
144,2021,39.2723,28.263
144,2021,38.4728,28.188
144,2021,37.6231,28.014
144,2021,37.7781,29.154
144,2021,38.1226,28.993
145,2021,37.6992,29.016
145,2021,36.693,28.98
145,2021,36.1935,30.694
145,2021,35.8289,31.191
145,2021,35.6912,31.493
145,2021,36.017,34.144
145,2021,37.1064,36.517
145,2021,37.8198,36.875
145,2021,40.2541,36.782
145,2021,40.5311,37.257
145,2021,40.2914,36.284
145,2021,39.8479,34.998
145,2021,40.1981,33.762
145,2021,39.9139,33.049
145,2021,38.991,31.966
145,2021,40.6359,30.241
145,2021,40.3474,28.97
145,2021,40.1508,27.939
145,2021,39.4187,28.079
145,2021,39.9111,28.211
145,2021,40.3646,28.174
145,2021,40.6,28.166
145,2021,40.4005,28.266
145,2021,40.0072,28.287
146,2021,40.2197,28.846
146,2021,40.0962,28.923
146,2021,39.5393,30.511
146,2021,38.813,30.524
146,2021,38.9781,31.322
146,2021,38.6078,33.468
146,2021,39.6283,34.48
146,2021,40.5598,34.904
146,2021,40.9445,34.956
146,2021,41.4727,35.13
146,2021,40.6991,32.403
146,2021,40.2383,29.711
146,2021,40.0302,28.113
146,2021,40.8971,28.922
146,2021,41.1383,27.831
146,2021,41.0981,27.264
146,2021,40.9976,27.487
146,2021,40.2598,26.731
146,2021,40.4909,26.484
146,2021,36.8423,26.503
146,2021,34.9649,26.219
146,2021,33.7592,26.542
146,2021,32.2449,26.238
146,2021,31.3019,26.308
147,2021,30.7148,26.535
147,2021,30.9029,26.473
147,2021,30.6832,27.254
147,2021,30.7321,27.653
147,2021,31.0091,27.736
147,2021,30.8411,29.563
147,2021,31.8918,31.701
147,2021,29.9254,31.731
147,2021,30.1866,32.321
147,2021,29.6197,32.687
147,2021,29.9584,32.945
147,2021,30.5828,32.765
147,2021,31.4784,32.856
147,2021,32.6884,32.776
147,2021,33.7434,32.292
147,2021,35.74,30.92
147,2021,37.3131,30.912
147,2021,37.4064,30.036
147,2021,37.4365,30.013
147,2021,37.8298,29.701
147,2021,37.3002,28.139
147,2021,36.8093,28.109
147,2021,36.4433,26.771
147,2021,35.4845,26.947
148,2021,37.0547,31.117
148,2021,36.9313,31.27
148,2021,36.06,32.971
148,2021,36.426,33.129
148,2021,37.1696,33.484
148,2021,37.6805,36.029
148,2021,39.3541,37.722
148,2021,39.2766,37.76
148,2021,40.956,39.436
148,2021,41.6091,39.741
148,2021,41.7411,38.06
148,2021,41.7411,32.994
148,2021,41.9478,32.365
148,2021,42.11,34.153
148,2021,41.6019,32.548
148,2021,41.8531,31.297
148,2021,42.5463,31.603
148,2021,42.6755,31.033
148,2021,42.0913,30.668
148,2021,41.1885,29.278
148,2021,41.2158,28.801
148,2021,40.4766,29.298
148,2021,37.7437,30.137
148,2021,37.0576,29.791
150,2021,37.1853,30.919
150,2021,37.2442,30.756
150,2021,36.7045,32.728
150,2021,35.8002,33.362
150,2021,35.295,33.262
150,2021,34.8558,35.548
150,2021,35.407,36.67
150,2021,35.2218,36.951
150,2021,35.4027,38.864
150,2021,35.6711,39.182
150,2021,36.3098,38.477
150,2021,36.8897,38.739
150,2021,36.6873,37.533
150,2021,38.6537,36.866
150,2021,39.3211,35.302
150,2021,40.0316,33.693
150,2021,41.4497,33.9
150,2021,41.6005,31.783
150,2021,41.012,30.427
150,2021,39.535,29.523
150,2021,39.2364,28.742
150,2021,38.2863,28.473
150,2021,37.303,28.459
150,2021,36.4906,28.59
151,2022,28.8016,28.529
151,2022,27.3968,28.477
151,2022,26.2752,29.102
151,2022,25.5444,29.011
151,2022,25.0785,29.128
151,2022,24.8278,31.906
151,2022,24.5701,33.787
151,2022,23.2729,34.358
151,2022,26.353,35.439
151,2022,28.3767,35.948
151,2022,29.6088,33.976
151,2022,32.029,32.949
151,2022,29.4233,32.431
151,2022,29.9416,32.21
151,2022,31.7883,30.754
151,2022,32.8263,29.855
151,2022,32.1097,29.644
151,2022,31.3365,28.844
151,2022,30.8933,28.916
151,2022,29.0905,28.722
151,2022,26.8671,28.093
151,2022,24.6437,27.898
151,2022,22.5379,27.639
151,2022,21.0679,27.817
152,2022,19.8047,28.492
152,2022,19.0966,28.135
152,2022,18.5458,28.7
152,2022,17.8292,28.701
152,2022,17.073,29.046
152,2022,16.4569,31.039
152,2022,16.4852,33.362
152,2022,16.2332,34.111
152,2022,18.601,35.656
152,2022,24.0589,36.061
152,2022,23.9173,33.598
152,2022,23.2842,32.925
152,2022,22.3708,32.175
152,2022,21.8327,31.511
152,2022,21.667,30.161
152,2022,20.4377,28.817
152,2022,18.4112,28.711
152,2022,16.2785,28.037
152,2022,14.8368,28.25
152,2022,14.0353,28.116
152,2022,14.2151,27.046
152,2022,14.7335,26.98
152,2022,15.0521,26.949
152,2022,15.0818,26.978
153,2022,13.5382,28.631
153,2022,12.7353,28.755
153,2022,12.428,29.815
153,2022,12.4308,29.949
153,2022,12.2113,30.554
153,2022,12.3982,33.465
153,2022,15.9655,35.875
153,2022,29.4615,36.372
153,2022,30.661,37.993
153,2022,31.0547,38.192
153,2022,31.066,35.908
153,2022,27.874,35.085
153,2022,22.2306,34.157
153,2022,21.2676,33.543
153,2022,21.9474,31.893
153,2022,21.6826,30.368
153,2022,20.5539,29.862
153,2022,18.931,28.867
153,2022,17.4553,28.663
153,2022,9.29116,28.795
153,2022,9.49225,28.195
153,2022,10.3816,28.126
153,2022,11.6207,27.382
153,2022,12.8811,27.15
154,2022,13.1644,27.359
154,2022,12.8755,27.457
154,2022,12.8457,29.433
154,2022,12.7069,30.17
154,2022,12.4534,30.741
154,2022,11.8714,33.381
154,2022,11.4083,35.227
154,2022,21.9927,35.159
154,2022,33.9791,36.043
154,2022,34.2481,36.622
154,2022,34.6999,36.075
154,2022,35.0709,35.998
154,2022,35.7238,36.075
154,2022,33.0557,35.412
154,2022,31.2176,32.811
154,2022,31.3592,31.012
154,2022,32.7399,30.613
154,2022,33.1676,29.589
154,2022,33.3758,29.35
154,2022,32.9892,29.337
154,2022,32.5247,28.694
154,2022,31.9823,28.784
154,2022,31.2657,27.921
154,2022,31.2133,27.938
155,2022,31.4824,28.078
155,2022,30.3197,28.251
155,2022,30.0379,29.795
155,2022,30.7361,30.186
155,2022,31.6183,30.722
155,2022,31.692,33.25
155,2022,32.6989,35.926
155,2022,30.8564,36.263
155,2022,30.8352,37.537
155,2022,31.0335,37.984
155,2022,31.9228,35.727
155,2022,31.379,35.632
155,2022,29.6584,35.712
155,2022,28.6274,35.224
155,2022,28.6359,33.231
155,2022,28.3739,31.422
155,2022,28.1969,30.77
155,2022,27.5979,29.801
155,2022,26.5513,29.749
155,2022,29.8793,29.893
155,2022,29.6371,29.112
155,2022,28.449,29.032
155,2022,27.8287,28.653
155,2022,29.3964,28.684
156,2022,35.8583,29.165
156,2022,34.6064,29.102
156,2022,33.7511,30.208
156,2022,32.8461,30.552
156,2022,32.0715,31.195
156,2022,31.7458,34.406
156,2022,31.7571,36.573
156,2022,33.2186,37.022
156,2022,33.4494,38.285
156,2022,33.329,38.805
156,2022,33.6845,37.262
156,2022,33.6335,37.247
156,2022,32.3859,36.801
156,2022,31.6056,35.71
156,2022,33.3121,33.415
156,2022,33.5825,31.355
156,2022,31.9511,30.856
156,2022,30.78,29.718
156,2022,29.7901,29.612
156,2022,29.0891,29.426
156,2022,27.6644,28.529
156,2022,25.9367,28.506
156,2022,24.2727,27.907
156,2022,23.6482,27.905
157,2022,20.8144,28.592
157,2022,19.0188,28.719
157,2022,17.5729,30.003
157,2022,16.9299,30.319
157,2022,16.8492,30.882
157,2022,17.1296,33.716
157,2022,17.2854,35.745
157,2022,17.9099,36.133
157,2022,24.6352,37.104
157,2022,24.8562,37.189
157,2022,18.2045,35.077
157,2022,13.6218,34.214
157,2022,13.626,33.225
157,2022,13.7025,32.315
157,2022,13.7804,30.499
157,2022,14.0126,28.87
157,2022,14.3568,28.852
157,2022,14.6258,28.259
157,2022,14.6924,28.043
157,2022,16.3167,28.161
157,2022,16.617,27.595
157,2022,17.0645,27.523
157,2022,17.4369,27.065
157,2022,17.5488,27.539
158,2022,17.3449,28.687
158,2022,17.0376,28.686
158,2022,16.8195,30.164
158,2022,16.7883,30.546
158,2022,17.08,30.902
158,2022,17.6125,33.313
158,2022,18.2696,35.32
158,2022,27.3118,35.891
158,2022,28.8002,37.135
158,2022,29.0692,37.228
158,2022,28.9205,34.904
158,2022,24.8547,34.419
158,2022,23.525,33.751
158,2022,23.4811,33.106
158,2022,23.9031,31.004
158,2022,24.3251,29.232
158,2022,24.318,28.792
158,2022,24.0603,28.334
158,2022,23.0237,28.345
158,2022,19.3006,28.424
158,2022,20.1177,27.838
158,2022,20.6332,27.937
158,2022,20.8867,27.247
158,2022,21.0764,27.668
159,2022,19.0386,28.261
159,2022,18.4197,28.275
159,2022,17.9156,29.574
159,2022,17.5261,30.071
159,2022,17.2316,30.629
159,2022,17.2061,34.14
159,2022,17.7173,36.513
159,2022,27.0158,37.38
159,2022,31.3663,39.603
159,2022,32.4765,39.914
159,2022,33.397,37.489
159,2022,33.9437,37.587
159,2022,33.795,37.551
159,2022,33.7142,36.64
159,2022,33.7341,33.659
159,2022,33.9706,31.721
159,2022,34.3501,31.129
159,2022,34.8103,29.917
159,2022,34.8996,29.772
159,2022,33.1464,29.799
159,2022,32.89,29.036
159,2022,32.4255,29.064
159,2022,31.8506,27.759
159,2022,31.5631,27.95
160,2022,31.5971,28.848
160,2022,31.7245,28.796
160,2022,31.7529,30.696
160,2022,31.6707,31.484
160,2022,31.4186,32.149
160,2022,31.1,35.511
160,2022,30.8621,37.894
160,2022,31.0037,38.516
160,2022,31.4682,39.382
160,2022,31.8902,39.319
160,2022,32.2953,36.508
160,2022,31.4087,36.047
160,2022,31.658,35.142
160,2022,31.7175,34.438
160,2022,32.1862,32.619
160,2022,32.3972,30.97
160,2022,32.4779,30.666
160,2022,32.3661,29.581
160,2022,32.2613,29.423
160,2022,31.3195,29.242
160,2022,31.3889,28.333
160,2022,31.1652,28.309
160,2022,30.7743,27.919
160,2022,30.3792,28.082
161,2022,30.0336,28.938
161,2022,30.0577,28.656
161,2022,30.4741,30.218
161,2022,30.804,30.661
161,2022,30.6383,31.294
161,2022,29.9402,34.134
161,2022,29.1386,36.956
161,2022,29.7178,37.619
161,2022,31.9582,38.972
161,2022,32.2768,39.063
161,2022,32.5643,37.196
161,2022,31.0547,36.6
161,2022,30.3594,35.982
161,2022,30.3466,35.146
161,2022,30.7375,33.001
161,2022,30.9343,30.814
161,2022,29.9558,30.525
161,2022,28.5821,29.569
161,2022,27.7196,29.258
161,2022,27.8372,29.173
161,2022,26.894,28.569
161,2022,26.2242,28.602
161,2022,25.4439,27.954
161,2022,24.2713,27.972
162,2022,22.6172,28.421
162,2022,23.8918,28.462
162,2022,24.9426,30.124
162,2022,25.7512,30.582
162,2022,26.1378,31.084
162,2022,26.2298,34.229
162,2022,26.2582,37.141
162,2022,23.6468,37.94
162,2022,27.3019,39.264
162,2022,29.2038,39.556
162,2022,28.1133,36.999
162,2022,24.2883,36.173
162,2022,23.5193,34.936
162,2022,23.4697,34.123
162,2022,24.1169,31.779
162,2022,24.7726,29.933
162,2022,25.6535,29.985
162,2022,26.8232,28.809
162,2022,27.5766,28.602
162,2022,25.7455,28.497
162,2022,26.0372,27.774
162,2022,26.5357,27.907
162,2022,27.4902,27.248
162,2022,28.7549,27.208
163,2022,23.0307,29.201
163,2022,22.6484,29.13
163,2022,22.9953,30.848
163,2022,23.4669,31.542
163,2022,23.4839,32.212
163,2022,22.3892,35.657
163,2022,23.913,38.958
163,2022,24.3223,39.723
163,2022,24.7967,41.027
163,2022,25.4382,41.681
163,2022,26.1789,39.375
163,2022,26.86,39.132
163,2022,27.2452,37.861
163,2022,27.2027,36.481
163,2022,26.7425,33.448
163,2022,26.1732,31.601
163,2022,24.9539,31.064
163,2022,24.5361,29.9
163,2022,25.737,29.852
163,2022,27.6219,29.849
163,2022,28.922,29.222
163,2022,29.3709,29.103
163,2022,29.4261,28.877
163,2022,28.9191,28.687
164,2022,27.6828,29.681
164,2022,26.3233,29.569
164,2022,25.2654,31.035
164,2022,24.2486,31.793
164,2022,23.8592,32.304
164,2022,24.9581,36.319
164,2022,28.473,38.975
164,2022,29.909,39.663
164,2022,29.0692,40.945
164,2022,30.7842,41.661
164,2022,32.3505,39.081
164,2022,31.4866,37.638
164,2022,28.2875,36.105
164,2022,27.4081,35.615
164,2022,27.1843,33.675
164,2022,27.1008,31.924
164,2022,28.3385,31.462
164,2022,30.3523,30.859
164,2022,32.2683,30.622
164,2022,30.6412,30.373
164,2022,30.8607,29.538
164,2022,31.1142,29.622
164,2022,31.7883,28.85
164,2022,33.0515,28.938
165,2022,33.4423,30.172
165,2022,33.5358,30.141
165,2022,33.7327,31.553
165,2022,32.6337,32.183
165,2022,31.5263,32.838
165,2022,30.6922,35.759
165,2022,31.3903,38.276
165,2022,34.1235,38.842
165,2022,33.9253,40.325
165,2022,34.4167,40.985
165,2022,35.7082,39.893
165,2022,35.1035,38.843
165,2022,35.6855,36.575
165,2022,33.8275,35.075
165,2022,32.7725,33.653
165,2022,32.7796,32.08
165,2022,32.9962,31.456
165,2022,33.3106,30.833
165,2022,33.625,30.986
165,2022,31.6353,31.128
165,2022,31.6042,30.307
165,2022,31.3592,30.243
165,2022,31.3875,29.808
165,2022,31.6466,29.752
166,2022,31.7274,30.214
166,2022,32.2074,30.212
166,2022,32.9424,31.376
166,2022,32.9226,31.846
166,2022,32.1381,32.442
166,2022,31.498,34.733
166,2022,31.9582,37.09
166,2022,34.0244,37.343
166,2022,34.3359,39.323
166,2022,34.4945,39.289
166,2022,34.731,37.171
166,2022,33.4353,36.386
166,2022,33.8304,34.727
166,2022,35.7294,33.716
166,2022,36.2336,32.431
166,2022,36.0778,30.989
166,2022,36.0651,30.767
166,2022,36.2506,29.83
166,2022,36.7193,29.904
166,2022,37.5322,29.824
166,2022,36.7562,29.409
166,2022,35.3697,29.255
166,2022,34.3699,28.733
166,2022,33.9946,28.891
167,2022,34.0017,28.939
167,2022,33.7808,28.704
167,2022,33.557,29.685
167,2022,33.2809,30.473
167,2022,32.975,31.353
167,2022,33.8304,33.563
167,2022,34.5526,34.72
167,2022,33.9408,35.555
167,2022,34.2283,36.308
167,2022,34.1688,36.89
167,2022,34.149,34.385
167,2022,34.3982,34.037
167,2022,33.1662,33.432
167,2022,31.8166,32.241
167,2022,33.71,30.43
167,2022,33.9479,29.808
167,2022,34.6248,29.516
167,2022,35.1488,28.948
167,2022,35.4476,29.165
167,2022,38.2077,29.184
167,2022,38.219,28.593
167,2022,38.3989,28.677
167,2022,38.1808,28.209
167,2022,37.7319,28.322
168,2022,37.5662,29.156
168,2022,37.1852,29.215
168,2022,36.8935,31.181
168,2022,36.7916,31.83
168,2022,36.834,32.428
168,2022,37.3665,34.732
168,2022,38.4796,36.513
168,2022,37.5336,36.219
168,2022,36.9813,38.281
168,2022,35.687,38.663
168,2022,35.1771,36.799
168,2022,34.9534,36.734
168,2022,34.1249,36.171
168,2022,33.1025,35.481
168,2022,33.6689,33.342
168,2022,33.322,31.338
168,2022,33.5047,30.738
168,2022,34.3133,29.745
168,2022,34.3019,29.686
168,2022,35.0157,29.594
168,2022,35.1134,28.905
168,2022,35.0114,28.848
168,2022,34.6687,28.377
168,2022,34.2113,28.431
169,2022,33.5769,29.127
169,2022,32.5898,29.181
169,2022,31.5971,30.944
169,2022,31.1991,31.527
169,2022,31.2119,32.191
169,2022,31.2926,34.941
169,2022,34.3515,37.35
169,2022,33.7496,37.84
169,2022,34.057,38.93
169,2022,34.2411,39.604
169,2022,33.8304,37.764
169,2022,34.9293,36.822
169,2022,34.0555,35.043
169,2022,33.9762,34.134
169,2022,33.7921,32.283
169,2022,34.5512,30.346
169,2022,35.2012,29.747
169,2022,35.3088,28.709
169,2022,35.4944,28.674
169,2022,36.2704,28.8
169,2022,34.486,28.434
169,2022,32.7272,28.693
169,2022,31.7458,27.559
169,2022,31.1043,27.485
170,2022,37.8608,29.651
170,2022,38.8082,29.609
170,2022,39.1891,30.446
170,2022,39.2996,30.614
170,2022,38.93,31.041
170,2022,36.6514,33.106
170,2022,33.836,35.267
170,2022,34.6985,36.283
170,2022,36.4984,38.524
170,2022,36.3667,39.677
170,2022,34.5512,37.111
170,2022,33.6972,37.233
170,2022,34.8231,37.747
170,2022,39.2613,36.069
170,2022,40.7214,32.207
170,2022,42.2254,30.486
170,2022,42.0158,30.325
170,2022,40.3886,29.271
170,2022,38.1751,29.008
170,2022,36.7363,29.024
170,2022,35.4235,28.864
170,2022,34.1844,28.729
170,2022,33.0217,28.616
170,2022,32.9424,28.554
171,2022,33.8941,29.63
171,2022,34.486,29.755
171,2022,34.1986,30.979
171,2022,33.7015,31.341
171,2022,32.5048,31.488
171,2022,29.9827,33.848
171,2022,29.3298,35.961
171,2022,33.7157,36.108
171,2022,34.8528,38.446
171,2022,35.0907,38.6
171,2022,34.8585,38.372
171,2022,34.258,38.013
171,2022,30.1172,37.723
171,2022,21.0382,37.519
171,2022,13.7209,35.637
171,2022,12.7253,34.014
171,2022,13.7606,33.5
171,2022,18.0954,31.938
171,2022,24.0829,31.671
171,2022,29.1075,31.829
171,2022,30.6327,30.893
171,2022,31.7656,30.9
171,2022,32.5289,30.29
171,2022,33.0132,30.341
172,2022,32.8093,30.818
172,2022,32.1522,30.848
172,2022,30.9556,32.14
172,2022,29.4403,32.312
172,2022,27.4109,32.445
172,2022,25.1139,35.118
172,2022,27.2835,37.089
172,2022,29.3652,37.402
172,2022,27.9986,39.75
172,2022,26.3063,40.235
172,2022,25.8418,39.554
172,2022,25.8701,39.472
172,2022,25.5373,39.285
172,2022,25.3462,38.989
172,2022,24.8703,36.144
172,2022,23.5377,34.526
172,2022,21.9828,34.161
172,2022,20.8371,32.389
172,2022,19.5824,31.749
172,2022,20.8668,31.241
172,2022,21.0779,29.917
172,2022,24.0801,30.032
172,2022,26.9705,29.75
172,2022,25.7129,29.959
173,2022,25.6931,31.012
173,2022,25.8291,31.37
173,2022,25.7087,33.517
173,2022,25.3702,33.922
173,2022,23.8379,34.232
173,2022,21.1118,36.704
173,2022,21.4489,38.602
173,2022,22.3127,39.09
173,2022,27.7706,40.543
173,2022,29.4261,40.612
173,2022,28.946,40.299
173,2022,29.3765,40.608
173,2022,31.3209,40.314
173,2022,29.293,39.979
173,2022,29.8991,36.991
173,2022,32.0772,35.556
173,2022,34.1547,34.906
173,2022,36.1217,32.849
173,2022,38.212,32.647
173,2022,42.105,32.24
173,2022,42.0342,30.114
173,2022,41.5711,30.243
173,2022,40.6237,29.086
173,2022,40.6761,28.843
174,2022,40.5628,29.288
174,2022,39.5814,29.256
174,2022,38.8889,30.083
174,2022,38.6113,30.568
174,2022,38.1341,31.518
174,2022,37.2589,33.92
174,2022,36.5947,35.096
174,2022,33.7681,35.827
174,2022,33.3432,37.838
174,2022,32.6989,38.177
174,2022,32.0233,36.408
174,2022,31.4541,36.612
174,2022,31.3861,36.941
174,2022,31.4795,36.522
174,2022,32.182,34.499
174,2022,32.2457,33.233
174,2022,32.8943,32.522
174,2022,34.2113,31.164
174,2022,34.7381,30.777
174,2022,36.6287,30.679
174,2022,36.6174,29.84
174,2022,37.3963,29.713
174,2022,37.8664,28.958
174,2022,37.5308,28.882
175,2022,37.0408,29.716
175,2022,36.9275,29.92
175,2022,36.8411,31.947
175,2022,35.7436,32.793
175,2022,34.8868,33.034
175,2022,34.7891,36.157
175,2022,36.3625,37.96
175,2022,35.3839,38.187
175,2022,35.9773,38.933
175,2022,36.9615,39.302
175,2022,37.8211,37.749
175,2022,35.8994,37.743
175,2022,36.582,36.34
175,2022,38.1284,35.841
175,2022,37.7786,35.402
175,2022,37.3878,32.368
175,2022,37.8707,32.257
175,2022,37.5294,30.943
175,2022,37.2447,30.578
175,2022,37.9259,30.702
175,2022,38.3677,30.776
175,2022,38.8549,29.563
175,2022,38.651,30.262
175,2022,38.1964,30.506
